date,open,high,low,close,volume
2014-12-31,112.8199997,113.1299973,110.20999909999999,101.4190598,41403400
2015-01-02,111.3899994,111.4400024,107.34999850000001,100.45429990000001,53204600
2015-01-05,108.29000090000001,108.65000149999999,105.4100037,97.62433624,64285500
2015-01-06,106.54000090000001,107.4300003,104.6299973,97.63354492,65797100
2015-01-07,107.1999969,108.1999969,106.6999969,99.00255585,40105900
2015-01-08,109.2300034,112.15000149999999,108.6999969,102.8064804,59364500
2015-01-09,112.66999820000001,113.25,110.20999909999999,102.9167252,53699500
2015-01-12,112.59999850000001,112.6299973,108.8000031,100.3807907,49650800
2015-01-13,111.4300003,112.8000031,108.9100037,101.272049,67091900
2015-01-14,109.04000090000001,110.4899979,108.5,100.88615420000001,48956600
2015-01-15,110.0,110.0599976,106.6600037,98.14805603,60014000
2015-01-16,107.02999879999999,107.58000179999999,105.1999969,97.38544464,78513300
2015-01-20,107.8399963,108.97000120000001,106.5,99.89382172,49899900
2015-01-21,108.9499969,111.0599976,108.2699966,100.6564407,48575900
2015-01-22,110.2600021,112.47000120000001,109.72000120000001,103.2750626,53796400
2015-01-23,112.3000031,113.75,111.52999879999999,103.807991,46464800
2015-01-26,113.7399979,114.3600006,112.8000031,103.9182281,55615000
2015-01-27,112.41999820000001,112.4800034,109.02999879999999,100.2797165,95568700
2015-01-28,117.6299973,118.1200027,115.3099976,105.94882199999999,146477100
2015-01-29,116.3199997,119.1900024,115.5599976,109.24739070000001,84436400
2015-01-30,118.40000149999999,120.0,116.84999850000001,107.6486435,83745500
2015-02-02,118.0500031,119.16999820000001,116.08000179999999,108.99929809999999,62739100
2015-02-03,118.5,119.0899963,117.6100006,109.0176544,51915700
2015-02-04,118.5,120.5100021,118.3099976,109.85380549999999,70149700
2015-02-05,120.0199966,120.2300034,119.25,110.63788600000001,42246200
2015-02-06,120.0199966,120.25,118.4499969,109.7061996,43706600
2015-02-09,118.5500031,119.8399963,118.4300003,110.4349442,38889800
2015-02-10,120.16999820000001,122.15000149999999,120.1600037,112.5565567,62008500
2015-02-11,122.7699966,124.91999820000001,122.5,115.19474790000001,73561800
2015-02-12,126.0599976,127.4800034,125.5699997,116.6521988,74474500
2015-02-13,127.27999879999999,127.27999879999999,125.65000149999999,117.22412109999999,54272200
2015-02-17,127.4899979,128.88000490000002,126.91999820000001,117.9159622,63152400
2015-02-18,127.6299973,128.7799988,127.4499969,118.73694609999998,44891700
2015-02-19,128.4799957,129.0299988,128.3300018,118.4878693,37362400
2015-02-20,128.61999509999998,129.5,128.0500031,119.4564438,48948400
2015-02-23,130.0200043,133.0,129.6600037,122.6849747,70974100
2015-02-24,132.9400024,133.6000061,131.1699982,121.91935729999999,69228100
2015-02-25,131.5599976,131.6000061,128.1499939,118.80149080000001,74711700
2015-02-26,128.7899933,130.86999509999998,126.6100006,120.3050842,91287500
2015-02-27,130.0,130.5700073,128.2400055,118.49711609999999,62014800
2015-03-02,129.25,130.2799988,128.3000031,119.07823940000002,48096700
2015-03-03,128.9600067,129.5200043,128.0899963,119.32729340000002,37816300
2015-03-04,129.1000061,129.5599976,128.3200073,118.57088470000001,31666300
2015-03-05,128.5800018,128.75,125.7600021,116.60609440000002,56517100
2015-03-06,128.3999939,129.36999509999998,126.2600021,116.78134920000001,72842100
2015-03-09,127.95999909999999,129.5700073,125.0599976,117.2794571,88528500
2015-03-10,126.4100037,127.22000120000001,123.8000031,114.8534317,68856600
2015-03-11,124.75,124.7699966,122.1100006,112.7595139,68939000
2015-03-12,122.3099976,124.90000149999999,121.6299973,114.79810330000001,48362700
2015-03-13,124.40000149999999,125.40000149999999,122.58000179999999,114.0047913,51827300
2015-03-16,123.8799973,124.9499969,122.8700027,115.2593155,35874300
2015-03-17,125.90000149999999,127.3199997,125.65000149999999,117.187233,51023100
2015-03-18,127.0,129.1600037,126.3700027,118.5063095,65270900
2015-03-19,128.75,129.25,127.40000149999999,117.6115646,45809500
2015-03-20,128.25,128.3999939,125.1600037,116.1356506,68695100
2015-03-23,127.1200027,127.84999850000001,126.5199966,117.34403229999998,37709700
2015-03-24,127.2300034,128.0399933,126.5599976,116.8643646,32842300
2015-03-25,126.54000090000001,126.8199997,123.3799973,113.81109620000001,51655200
2015-03-26,122.7600021,124.8799973,122.59999850000001,114.60439299999999,47572900
2015-03-27,124.5699997,124.6999969,122.9100037,113.69116969999999,39546200
2015-03-30,124.0500031,126.40000149999999,124.0,116.5692062,47099700
2015-03-31,126.0899963,126.4899979,124.3600006,114.77964779999999,42090600
2015-04-01,124.8199997,125.1200027,123.09999850000001,114.6136017,40621400
2015-04-02,125.02999879999999,125.5599976,124.1900024,115.6006165,32220100
2015-04-06,124.47000120000001,127.5100021,124.33000179999999,117.4731903,37194000
2015-04-07,127.6399994,128.11999509999998,125.9800034,116.2371216,35012300
2015-04-08,125.84999850000001,126.40000149999999,124.97000120000001,115.85890959999999,37329200
2015-04-09,125.84999850000001,126.58000179999999,124.6600037,116.74444579999998,32484000
2015-04-10,125.9499969,127.20999909999999,125.2600021,117.2425919,40188000
2015-04-13,128.36999509999998,128.5700073,126.6100006,117.0119476,36365100
2015-04-14,127.0,127.29000090000001,125.9100037,116.50462340000001,25524600
2015-04-15,126.4100037,127.1299973,126.0100021,116.9473801,28970400
2015-04-16,126.27999879999999,127.09999850000001,126.1100006,116.38470459999999,28369000
2015-04-17,125.5500031,126.1399994,124.45999909999999,115.07482150000001,51957000
2015-04-20,125.5699997,128.11999509999998,125.16999820000001,117.70379640000002,47054300
2015-04-21,128.1000061,128.1999969,126.66999820000001,117.06732179999999,32435100
2015-04-22,126.9899979,128.86999509999998,126.3199997,118.6447067,37654500
2015-04-23,128.3000031,130.4199982,128.1399994,119.613266,45770900
2015-04-24,130.4900055,130.63000490000002,129.2299957,120.1759491,44525900
2015-04-27,132.3099976,133.13000490000002,131.1499939,122.36209109999999,96954200
2015-04-28,134.46000669999998,134.53999330000002,129.5700073,120.4342346,118924000
2015-04-29,130.1600037,131.5899963,128.3000031,118.663147,63386100
2015-04-30,128.6399994,128.6399994,124.58000179999999,115.4438095,83195400
2015-05-01,126.09999850000001,130.13000490000002,125.3000031,118.94908909999998,58512600
2015-05-04,129.5,130.5700073,128.2599945,118.7184906,50988300
2015-05-05,128.1499939,128.4499969,125.77999879999999,116.043396,49271400
2015-05-06,126.5599976,126.75,123.3600006,115.3146744,72141000
2015-05-07,124.7699966,126.08000179999999,124.0199966,116.02790829999999,43940900
2015-05-08,126.6800003,127.6200027,126.1100006,118.213974,55550400
2015-05-11,127.3899994,127.5599976,125.6299973,117.0097885,42035800
2015-05-12,125.59999850000001,126.8799973,124.8199997,116.5929565,48160000
2015-05-13,126.15000149999999,127.1900024,125.8700027,116.72265630000001,34694200
2015-05-14,127.4100037,128.9499969,127.1600037,119.4459457,45203500
2015-05-15,129.0700073,129.4900055,128.2100067,119.27921299999998,38208000
2015-05-18,128.38000490000002,130.7200012,128.3600006,120.59455109999999,50882900
2015-05-19,130.6900024,130.88000490000002,129.6399994,120.48339840000001,44633200
2015-05-20,130.0,130.9799957,129.3399963,120.474144,36454900
2015-05-21,130.0700073,131.63000490000002,129.8300018,121.70613859999999,39730400
2015-05-22,131.6000061,132.9700012,131.3999939,122.7713699,45596000
2015-05-26,132.6000061,132.9100037,129.11999509999998,120.0665512,70697600
2015-05-27,130.3399963,132.2599945,130.0500031,122.3082047,45833200
2015-05-28,131.8600006,131.9499969,131.1000061,122.06737520000001,30733300
2015-05-29,131.2299957,131.4499969,129.8999939,120.6779327,50884500
2015-06-01,130.2799988,131.3899994,130.0500031,120.9187622,32112800
2015-06-02,129.8600006,130.6600037,129.3200073,120.3815231,33667600
2015-06-03,130.6600037,130.9400024,129.8999939,120.5297165,30983500
2015-06-04,129.5800018,130.5800018,128.9100037,119.82573700000002,38450100
2015-06-05,129.5,129.6900024,128.3600006,119.1680527,35626800
2015-06-08,128.8999939,129.2100067,126.83000179999999,118.3807144,52674800
2015-06-09,126.6999969,128.0800018,125.6200027,118.02871699999999,56075400
2015-06-10,127.91999820000001,129.3399963,127.84999850000001,119.3811111,39087300
2015-06-11,129.1799927,130.1799927,128.4799957,119.1124878,35390900
2015-06-12,128.1900024,128.3300018,127.1100006,117.79714969999999,36886200
2015-06-15,126.09999850000001,127.2399979,125.70999909999999,117.5655746,43988900
2015-06-16,127.02999879999999,127.84999850000001,126.3700027,118.19545749999999,31494100
2015-06-17,127.72000120000001,127.8799973,126.7399979,117.9175568,32918100
2015-06-18,127.2300034,128.3099976,127.22000120000001,118.4548035,35407200
2015-06-19,127.70999909999999,127.8199997,126.40000149999999,117.2691574,54716900
2015-06-22,127.4899979,128.0599976,127.08000179999999,118.20471189999999,34039300
2015-06-23,127.4800034,127.6100006,126.8799973,117.6674652,30268900
2015-06-24,127.20999909999999,129.8000031,127.1200027,118.6678696,55280900
2015-06-25,128.8600006,129.1999969,127.5,118.10283659999999,31938100
2015-06-26,127.66999820000001,127.9899979,126.5100021,117.40810390000001,44066800
2015-06-29,125.45999909999999,126.47000120000001,124.4800034,115.35170749999999,49161400
2015-06-30,125.5699997,126.1200027,124.8600006,116.18538670000001,44370700
2015-07-01,126.90000149999999,126.9400024,125.9899979,117.2691574,30238800
2015-07-02,126.4300003,126.6900024,125.7699966,117.1209412,27211000
2015-07-06,124.9400024,126.2300034,124.84999850000001,116.7133636,28060400
2015-07-07,125.8899994,126.15000149999999,123.7699966,116.42621609999999,46946800
2015-07-08,124.4800034,124.6399994,122.54000090000001,113.5361862,60761600
2015-07-09,123.84999850000001,124.0599976,119.22000120000001,111.22044369999999,78595000
2015-07-10,121.9400024,123.84999850000001,121.20999909999999,114.19384769999999,61354500
2015-07-13,125.02999879999999,125.7600021,124.3199997,116.39845279999999,41440500
2015-07-14,126.04000090000001,126.3700027,125.04000090000001,116.3521118,31768100
2015-07-15,125.72000120000001,127.15000149999999,125.58000179999999,117.47294620000001,33649200
2015-07-16,127.7399979,128.5700073,127.34999850000001,119.0383759,36222400
2015-07-17,129.0800018,129.61999509999998,128.3099976,120.0665512,46164700
2015-07-20,130.9700012,132.9700012,130.6999969,122.33599850000002,58900200
2015-07-21,132.8500061,132.9199982,130.3200073,121.1132889,76756400
2015-07-22,121.9899979,125.5,121.9899979,115.9908676,115450600
2015-07-23,126.1999969,127.0899963,125.0599976,115.93529509999999,50999500
2015-07-24,125.3199997,125.7399979,123.90000149999999,115.32392879999999,42162300
2015-07-27,123.0899963,123.6100006,122.1200027,113.7214432,44455500
2015-07-28,123.3799973,123.9100037,122.5500031,114.28649140000002,33618100
2015-07-29,123.15000149999999,123.5,122.2699966,113.9252243,37011700
2015-07-30,122.3199997,122.5699997,121.70999909999999,113.35094450000001,33628300
2015-07-31,122.59999850000001,122.6399994,120.9100037,112.35978700000001,42885000
2015-08-03,121.5,122.5699997,117.5199966,109.71057890000002,69976000
2015-08-04,117.41999820000001,117.6999969,113.25,106.19065090000001,124138600
2015-08-05,112.9499969,117.4400024,112.09999850000001,106.8946304,99312600
2015-08-06,115.97000120000001,116.5,114.1200027,107.12724299999999,52903000
2015-08-07,114.58000179999999,116.25,114.5,107.4901352,38670400
2015-08-10,116.52999879999999,119.9899979,116.52999879999999,111.398201,54951600
2015-08-11,117.8099976,118.1800003,113.33000179999999,105.60125729999999,97082800
2015-08-12,112.52999879999999,115.41999820000001,109.6299973,107.229599,101217500
2015-08-13,116.04000090000001,116.40000149999999,114.54000090000001,107.14587399999999,48535800
2015-08-14,114.3199997,116.3099976,114.0100021,107.89955900000001,42929500
2015-08-17,116.04000090000001,117.65000149999999,115.5,109.01614380000001,40884700
2015-08-18,116.4300003,117.4400024,116.0100021,108.4020157,34560700
2015-08-19,116.09999850000001,116.5199966,114.6800003,107.01558689999999,48286500
2015-08-20,114.08000179999999,114.34999850000001,111.6299973,104.8196564,68501600
2015-08-21,110.4300003,111.90000149999999,105.65000149999999,98.40855408,128275500
2015-08-24,94.87000275,108.8000031,92.0,95.95209503,162206300
2015-08-25,111.1100006,111.1100006,103.5,96.52896881,103601600
2015-08-26,107.0899963,109.8899994,105.0500031,102.0653915,96774600
2015-08-27,112.2300034,113.2399979,110.0199966,105.07088470000001,84616100
2015-08-28,112.16999820000001,113.3099976,111.54000090000001,105.41515349999999,53164400
2015-08-31,112.02999879999999,114.52999879999999,112.0,104.9220047,56229300
2015-09-01,110.15000149999999,111.8799973,107.3600006,100.23232270000001,76845900
2015-09-02,110.2300034,112.3399963,109.1299973,104.5311813,61888800
2015-09-03,112.4899979,112.77999879999999,110.04000090000001,102.69812009999998,53233900
2015-09-04,108.97000120000001,110.4499969,108.5100021,101.67457579999999,49996300
2015-09-08,111.75,112.5599976,110.3199997,104.5032654,54843600
2015-09-09,113.7600021,114.0199966,109.7699966,102.4934158,85010800
2015-09-10,110.2699966,113.27999879999999,109.90000149999999,104.7452164,62892800
2015-09-11,111.79000090000001,114.20999909999999,111.7600021,106.27119450000001,49915500
2015-09-14,116.58000179999999,116.8899994,114.8600006,107.2947235,58363400
2015-09-15,115.9300003,116.52999879999999,114.41999820000001,108.1973114,43341200
2015-09-16,116.25,116.54000090000001,115.4400024,108.3182907,37173500
2015-09-17,115.6600037,116.4899979,113.72000120000001,106.00135039999999,64112600
2015-09-18,112.20999909999999,114.3000031,111.8700027,105.56404109999998,74285300
2015-09-21,113.66999820000001,115.3700027,113.6600037,107.2016983,50222000
2015-09-22,113.3799973,114.1800003,112.5199966,105.5175095,50346200
2015-09-23,113.6299973,114.72000120000001,113.3000031,106.373558,35756700
2015-09-24,113.25,115.5,112.3700027,107.0062943,50219500
2015-09-25,116.4400024,116.6900024,114.0199966,106.7364578,56151900
2015-09-28,113.84999850000001,114.5699997,112.4400024,104.62423709999999,52109000
2015-09-29,112.83000179999999,113.5100021,107.8600006,101.4791794,73365400
2015-09-30,110.16999820000001,111.54000090000001,108.7300034,102.63299559999999,66473000
2015-10-01,109.0699997,109.6200027,107.3099976,101.9630356,63929100
2015-10-02,108.0100021,111.0100021,107.5500031,102.70742800000001,58019800
2015-10-05,109.8799973,111.3700027,109.0699997,103.07963559999999,52064700
2015-10-06,110.6299973,111.7399979,109.7699966,103.57277679999999,48196800
2015-10-07,111.7399979,111.7699966,109.4100037,103.07963559999999,46765600
2015-10-08,110.1900024,110.1900024,108.20999909999999,101.888588,61979600
2015-10-09,110.0,112.27999879999999,109.4899979,104.32648470000001,52766100
2015-10-12,112.7300034,112.75,111.4400024,103.84263609999999,30467200
2015-10-13,110.8199997,112.4499969,110.6800003,104.01940920000001,33049300
2015-10-14,111.29000090000001,111.5199966,109.5599976,102.5492554,44462400
2015-10-15,110.9300003,112.09999850000001,110.4899979,104.0845642,37673500
2015-10-16,111.77999879999999,112.0,110.52999879999999,103.3215637,39232600
2015-10-19,110.8000031,111.75,110.1100006,103.9635925,29759200
2015-10-20,111.3399963,114.16999820000001,110.8199997,105.8618011,48967800
2015-10-21,114.0,115.58000179999999,113.6999969,105.85249329999999,41795200
2015-10-22,114.33000179999999,115.5,114.09999850000001,107.47155759999998,41654100
2015-10-23,116.6999969,119.2300034,116.33000179999999,110.8026733,59366900
2015-10-26,118.08000179999999,118.1299973,114.91999820000001,107.2668304,66333800
2015-10-27,115.40000149999999,116.54000090000001,113.9899979,106.5875626,69884400
2015-10-28,116.9300003,119.3000031,116.0599976,110.97946929999999,85551400
2015-10-29,118.6999969,120.6900024,118.2699966,112.15190120000001,51227300
2015-10-30,120.9899979,121.22000120000001,119.4499969,111.1935043,49365300
2015-11-02,120.8000031,121.3600006,119.6100006,112.7567139,32203300
2015-11-03,120.79000090000001,123.4899979,120.6999969,114.0500946,45519000
2015-11-04,123.1299973,123.8199997,121.6200027,113.51971440000001,44886100
2015-11-05,121.84999850000001,122.6900024,120.1800003,112.99640659999999,39552700
2015-11-06,121.1100006,121.8099976,120.6200027,113.1272278,33042300
2015-11-09,120.95999909999999,121.8099976,120.0500031,112.66936489999999,33871400
2015-11-10,116.90000149999999,118.0699997,116.0599976,109.1183395,59127900
2015-11-11,116.3700027,117.41999820000001,115.20999909999999,108.50160220000001,45218000
2015-11-12,116.2600021,116.8199997,115.65000149999999,108.13713840000001,32525600
2015-11-13,115.1999969,115.5699997,112.2699966,104.9786301,45812400
2015-11-16,111.3799973,114.2399979,111.0,106.6980743,38106700
2015-11-17,114.91999820000001,115.0500031,113.3199997,106.2401733,27616900
2015-11-18,115.7600021,117.4899979,115.5,109.60426329999999,46674700
2015-11-19,117.6399994,119.75,116.7600021,110.9966354,43295800
2015-11-20,119.1999969,119.91999820000001,118.84999850000001,111.4825592,34287100
2015-11-23,119.2699966,119.7300034,117.3399963,110.0341415,32482500
2015-11-24,117.33000179999999,119.34999850000001,117.1200027,111.0900879,42803200
2015-11-25,119.20999909999999,119.2300034,117.91999820000001,110.2957611,21388300
2015-11-27,118.29000090000001,118.4100037,117.59999850000001,110.09021000000001,13046400
2015-11-30,117.9899979,119.4100037,117.75,110.54810330000001,39180300
2015-12-01,118.75,118.8099976,116.8600006,109.6509933,34852400
2015-12-02,117.3399963,118.1100006,116.08000179999999,108.6604538,33386600
2015-12-03,116.5500031,116.79000090000001,114.22000120000001,107.65122990000002,41569500
2015-12-04,115.29000090000001,119.25,115.1100006,111.2302628,57777000
2015-12-07,118.9800034,119.8600006,117.8099976,110.52941129999999,32084200
2015-12-08,117.5199966,118.59999850000001,116.8600006,110.4826584,34309500
2015-12-09,117.6399994,117.6900024,115.08000179999999,108.04370120000002,46361400
2015-12-10,116.04000090000001,116.9400024,115.5100021,108.55766299999999,29212700
2015-12-11,115.1900024,115.3899994,112.84999850000001,105.76358799999998,46886200
2015-12-14,112.1800003,112.6800003,109.79000090000001,105.1094513,64318700
2015-12-15,111.9400024,112.8000031,110.34999850000001,103.2498703,53323100
2015-12-16,111.0699997,111.9899979,108.8000031,104.0441513,56238500
2015-12-17,112.0199966,112.25,108.9800034,101.8388138,44772800
2015-12-18,108.9100037,109.5199966,105.8099976,99.08211517,96453300
2015-12-21,107.27999879999999,107.3700027,105.5699997,100.2969208,47590600
2015-12-22,107.40000149999999,107.72000120000001,106.4499969,100.2034912,32789400
2015-12-23,107.2699966,108.84999850000001,107.1999969,101.49304959999999,32657400
2015-12-24,109.0,109.0,107.9499969,100.9510574,13570400
2015-12-28,107.5899963,107.6900024,106.1800003,99.82035828,26704200
2015-12-29,106.95999909999999,109.4300003,106.8600006,101.6145248,30931200
2015-12-30,108.58000179999999,108.6999969,107.1800003,100.2875748,25213800
2015-12-31,107.0100021,107.02999879999999,104.8199997,98.36257172,40912300
2016-01-04,102.61000059999999,105.3700027,102.0,98.44665527,67649400
2016-01-05,105.75,105.84999850000001,102.4100037,95.97967529,55791000
2016-01-06,100.55999759999999,102.3700027,99.87000275,94.10138702,68457400
2016-01-07,98.68000031,100.1299973,96.43000031,90.12986755,81094400
2016-01-08,98.55000305,99.11000061,96.76000214,90.60643768,70798000
2016-01-11,98.97000122,99.05999756,97.33999634,92.07356262,49739400
2016-01-12,100.5500031,100.69000240000001,98.83999634,93.40987396,49154200
2016-01-13,100.3199997,101.19000240000001,97.30000305,91.00827026,62439600
2016-01-14,97.95999908,100.48000340000002,95.73999786,92.99869537,63170100
2016-01-15,96.19999695,97.70999908,95.36000061,90.76530457,79833900
2016-01-19,98.41000366,98.65000153,95.5,90.32610321,53087700
2016-01-20,95.09999847,98.19000244,93.41999817,90.44757843,72334400
2016-01-21,97.05999756,97.87999725,94.94000244,89.98970032,52161500
2016-01-22,98.62999725,101.45999909999999,98.37000275,94.77420044,65800500
2016-01-25,101.51999659999998,101.5299988,99.20999908,92.92395782,51794500
2016-01-26,99.93000031,100.8799973,98.06999969,93.43788909999999,75077000
2016-01-27,96.04000092,96.62999725,93.33999634,87.29841614,133369700
2016-01-28,93.79000092,94.51999664,92.38999939,87.92449951,55678800
2016-01-29,94.79000092,97.33999634,94.34999847,90.96153259,64416500
2016-02-01,96.47000122,96.70999908,95.40000153,90.11116791,40943500
2016-02-02,95.41999817,96.04000092,94.27999878,88.28896332,37357200
2016-02-03,95.0,96.83999634,94.08000183,90.03642273,45964300
2016-02-04,95.86000061,97.33000183,95.19000244,90.75986481,46471700
2016-02-05,96.51999664,96.91999817,93.69000244,88.33583832,46418100
2016-02-08,93.12999725,95.69999695,93.04000092,89.26601409999999,54021400
2016-02-09,94.29000092,95.94000244,93.93000031,89.24722290000001,44331200
2016-02-10,95.91999817,96.34999847,94.09999847,88.57073212,42343600
2016-02-11,93.79000092,94.72000122,92.58999634,88.03517914,50074700
2016-02-12,94.19000244,94.5,93.01000214,88.30765533,40351400
2016-02-16,95.01999664,96.84999847,94.61000061,90.79743958,49057900
2016-02-17,96.66999817,98.20999908,96.15000153,92.18796539,44863200
2016-02-18,98.83999634,98.88999939,96.08999634,90.44042969,39021000
2016-02-19,96.0,96.76000214,95.80000305,90.23371887,35374200
2016-02-22,96.30999756,96.90000153,95.91999817,91.02293396,34280800
2016-02-23,96.40000153,96.5,94.55000305,88.9653244,31942600
2016-02-24,93.98000336,96.37999725,93.31999969,90.29008484,36255700
2016-02-25,96.05000305,96.76000214,95.25,90.91020203,27582700
2016-02-26,97.19999695,98.01999664,96.58000183,91.0511322,28991100
2016-02-29,96.86000061,98.23000336,96.65000153,90.84444427,35216300
2016-03-01,97.65000153,100.76999659999998,97.41999817,94.45227051,50407100
2016-03-02,100.5100021,100.88999940000001,99.63999939,94.65897369,33169600
2016-03-03,100.58000179999999,101.70999909999999,100.4499969,95.36363983,36955700
2016-03-04,102.3700027,103.75,101.3700027,96.782341,46055100
2016-03-07,102.38999940000001,102.83000179999999,100.95999909999999,95.71125793,35828900
2016-03-08,100.7799988,101.7600021,100.4000015,94.92205048,31561900
2016-03-09,101.30999759999999,101.58000179999999,100.26999659999998,95.00661469,27201700
2016-03-10,101.4100037,102.2399979,100.1500015,95.05358887,33513600
2016-03-11,102.2399979,102.2799988,101.5,96.07766724,27408200
2016-03-14,101.9100037,102.9100037,101.7799988,96.32196045,25076100
2016-03-15,103.95999909999999,105.1800003,103.8499985,98.25743103,40067700
2016-03-16,104.61000059999999,106.3099976,104.5899963,99.56339264,38303500
2016-03-17,105.5199966,106.47000120000001,104.95999909999999,99.40367126,34420700
2016-03-18,106.3399963,106.5,105.1900024,99.5164032,44205200
2016-03-21,105.9300003,107.65000149999999,105.1399994,99.50701904,35502700
2016-03-22,105.25,107.29000090000001,105.20999909999999,100.2680511,32444400
2016-03-23,106.4800034,107.0699997,105.90000149999999,99.71369171,25703500
2016-03-24,105.47000120000001,106.25,104.8899994,99.28153229,26133000
2016-03-28,106.0,106.1900024,105.0599976,98.83054352,19411400
2016-03-29,104.8899994,107.79000090000001,104.8799973,101.1700058,31190100
2016-03-30,108.65000149999999,110.41999820000001,108.59999850000001,102.9363556,45601100
2016-03-31,109.72000120000001,109.90000149999999,108.8799973,102.400795,25888400
2016-04-01,108.77999879999999,110.0,108.1999969,103.3403473,25874000
2016-04-04,110.41999820000001,112.1900024,110.2699966,104.4020309,37356200
2016-04-05,109.5100021,110.7300034,109.41999820000001,103.17124940000001,26578700
2016-04-06,110.2300034,110.9800034,109.1999969,104.2517014,26404100
2016-04-07,109.9499969,110.41999820000001,108.1200027,101.9780045,31801900
2016-04-08,108.9100037,109.7699966,108.16999820000001,102.09075159999999,23581700
2016-04-11,108.97000120000001,110.6100006,108.83000179999999,102.42898559999999,29407500
2016-04-12,109.3399963,110.5,108.6600037,103.7631378,27232300
2016-04-13,110.8000031,112.3399963,110.8000031,105.2664185,33257300
2016-04-14,111.6200027,112.3899994,111.33000179999999,105.32279209999999,25473900
2016-04-15,112.1100006,112.3000031,109.7300034,103.2088165,46939000
2016-04-18,108.8899994,108.9499969,106.9400024,100.98210909999999,60821500
2016-04-19,107.8799973,108.0,106.2300034,100.4465561,32384900
2016-04-20,106.6399994,108.0899963,106.0599976,100.65325159999999,30611000
2016-04-21,106.9300003,106.9300003,105.5199966,99.56339264,31552500
2016-04-22,105.0100021,106.4800034,104.6200027,99.29091644,33683100
2016-04-25,105.0,105.65000149999999,104.5100021,98.72719574,28031600
2016-04-26,103.9100037,105.3000031,103.9100037,98.04133606,56016200
2016-04-27,96.0,98.70999908,95.68000031,91.90611267,114602100
2016-04-28,97.61000061,97.87999725,94.25,89.09687805,82242700
2016-04-29,93.98999786,94.72000122,92.51000214,88.07276154,68531500
2016-05-02,93.97000122,94.08000183,92.40000153,87.97880554,48160100
2016-05-03,94.19999695,95.73999786,93.68000031,89.42570496,56831300
2016-05-04,95.19999695,95.90000153,93.81999969,88.49556732,41025500
2016-05-05,94.0,94.06999969,92.68000031,88.1363678,35890500
2016-05-06,93.37000275,93.44999695,91.84999847,87.64485168,43699900
2016-05-09,93.0,93.76999664,92.58999634,87.71100616,32936400
2016-05-10,93.33000183,93.56999969,92.11000061,88.30651093,33686800
2016-05-11,93.48000336,93.56999969,92.45999908,87.44632721,28719100
2016-05-12,92.72000122,92.77999878,89.47000122,85.39509583,76314700
2016-05-13,90.0,91.66999817,90.0,85.56523895,44392800
2016-05-16,92.38999939,94.38999939,91.65000153,88.74134064,61259800
2016-05-17,94.55000305,94.69999695,93.01000214,88.37268829,46916900
2016-05-18,94.16000366,95.20999908,93.88999939,89.3841095,42062400
2016-05-19,94.63999939,94.63999939,93.56999969,89.04381561,30442100
2016-05-20,94.63999939,95.43000031,94.51999664,90.00799561,32026000
2016-05-23,95.87000275,97.19000244,95.66999817,91.15176392,38018600
2016-05-24,97.22000122,98.08999634,96.83999634,92.54129791,35140200
2016-05-25,98.66999817,99.73999786,98.11000061,94.16714478,38168800
2016-05-26,99.68000031,100.73000340000002,98.63999939,94.91390991,56331200
2016-05-27,99.44000244,100.4700012,99.25,94.85718536,36341200
2016-05-31,99.59999847,100.4000015,98.81999969,94.39402008,42307200
2016-06-01,99.01999664,99.54000092,98.33000183,93.07063293,29173300
2016-06-02,97.59999847,97.83999634,96.62999725,92.37115479,40191600
2016-06-03,97.79000092,98.26999664,97.44999695,92.56019592,28504900
2016-06-06,97.98999786,101.88999940000001,97.55000305,93.23133087,23292500
2016-06-07,99.25,99.87000275,98.95999908,93.60944366,22409500
2016-06-08,99.01999664,99.55999756,98.68000031,93.52436829,20848100
2016-06-09,98.5,99.98999786,98.45999908,94.19551086,26601400
2016-06-10,98.52999878,99.34999847,98.48000336,93.42040253,31712900
2016-06-13,98.69000244,99.12000275,97.09999847,92.01194,38020500
2016-06-14,97.31999969,98.48000336,96.75,92.12538909999999,31931900
2016-06-15,97.81999969,98.41000366,97.02999878,91.82289886,29445200
2016-06-16,96.44999695,97.75,96.06999969,92.21046448,31326800
2016-06-17,96.62000275,96.65000153,95.30000305,90.11197662,61008200
2016-06-20,96.0,96.56999969,95.02999878,89.89456177,34411900
2016-06-21,94.94000244,96.34999847,94.68000031,90.66021729,35546400
2016-06-22,96.25,96.88999939,95.34999847,90.31992340000001,29219100
2016-06-23,95.94000244,96.29000092,95.25,90.83982849,32240200
2016-06-24,92.91000366,94.66000366,92.65000153,88.28762054,75311400
2016-06-27,93.0,93.05000305,91.5,87.00205231,45489600
2016-06-28,92.90000153,93.66000366,92.13999939,88.46720886,40444900
2016-06-29,93.97000122,94.55000305,93.62999725,89.23286438,36531000
2016-06-30,94.44000244,95.76999664,94.30000305,90.36719513,35836400
2016-07-01,95.48999786,96.47000122,95.33000183,90.64131927,26026500
2016-07-05,95.38999939,95.40000153,94.45999908,89.79057312,27705200
2016-07-06,94.59999847,95.66000366,94.37000275,90.30101776,30949100
2016-07-07,95.69999695,96.5,95.62000275,90.68858337,25139600
2016-07-08,96.48999786,96.88999939,96.05000305,91.38808441,28912100
2016-07-11,96.75,97.65000153,96.73000336,91.67165375,23794900
2016-07-12,97.16999817,97.69999695,97.12000275,92.08757782,24167500
2016-07-13,97.41000366,97.66999817,96.83999634,91.56768036,25892200
2016-07-14,97.38999939,98.98999786,97.31999969,93.38257599,38919000
2016-07-15,98.91999817,99.30000305,98.5,93.37313843,30137000
2016-07-18,98.69999695,100.1299973,98.59999847,94.36565399,36493900
2016-07-19,99.55999756,100.0,99.33999634,94.40347290000001,23779900
2016-07-20,100.0,100.45999909999999,99.73999786,94.48855591,26276000
2016-07-21,99.83000183,101.0,99.12999725,93.98755646,32702000
2016-07-22,99.26000214,99.30000305,98.30999756,93.25970459,28313700
2016-07-25,98.25,98.83999634,96.91999817,92.01194,40382900
2016-07-26,96.81999969,97.97000122,96.41999817,91.37862396,56239800
2016-07-27,104.26999659999998,104.3499985,102.75,97.31486511,92344800
2016-07-28,102.83000179999999,104.4499969,102.8199997,98.62876892,39869800
2016-07-29,104.19000240000001,104.5500031,103.6800003,98.50592041,27733700
2016-08-01,104.4100037,106.15000149999999,104.4100037,100.2451935,38167900
2016-08-02,106.0500031,106.0699997,104.0,98.76113892,33816600
2016-08-03,104.80999759999999,105.8399963,104.76999659999998,99.99942779999999,30202600
2016-08-04,105.58000179999999,106.0,105.27999879999999,100.6171875,27408700
2016-08-05,106.2699966,107.65000149999999,106.1800003,102.1473007,40553400
2016-08-08,107.5199966,108.3700027,107.1600037,102.9931335,28037200
2016-08-09,108.2300034,108.9400024,108.0100021,103.411293,26315200
2016-08-10,108.70999909999999,108.90000149999999,107.7600021,102.6414948,24008500
2016-08-11,108.5199966,108.9300003,107.84999850000001,102.5749588,27484500
2016-08-12,107.77999879999999,108.4400024,107.77999879999999,102.81255340000001,18660400
2016-08-15,108.1399994,109.54000090000001,108.08000179999999,104.0480728,25868200
2016-08-16,109.6299973,110.2300034,109.20999909999999,103.95302579999999,33794400
2016-08-17,109.09999850000001,109.3700027,108.3399963,103.8009491,25356000
2016-08-18,109.2300034,109.59999850000001,109.0199966,103.6679077,21984700
2016-08-19,108.7699966,109.6900024,108.3600006,103.93401340000001,25368100
2016-08-22,108.8600006,109.09999850000001,107.84999850000001,103.1261978,25820200
2016-08-23,108.5899963,109.3199997,108.52999879999999,103.4493179,21257700
2016-08-24,108.5699997,108.75,107.6800003,102.6700058,23675100
2016-08-25,107.3899994,107.8799973,106.6800003,102.2328415,25086200
2016-08-26,107.4100037,107.9499969,106.3099976,101.634079,27766300
2016-08-29,106.6200027,107.4400024,106.29000090000001,101.5200348,24970300
2016-08-30,105.8000031,106.5,105.5,100.74073790000001,24863900
2016-08-31,105.6600037,106.5699997,105.6399994,100.835762,29662400
2016-09-01,106.1399994,106.8000031,105.6200027,101.4345093,26701500
2016-09-02,107.6999969,108.0,106.8199997,102.3848953,26802500
2016-09-06,107.90000149999999,108.3000031,107.5100021,102.356369,26880400
2016-09-07,107.83000179999999,108.7600021,107.0699997,102.9836273,42364300
2016-09-08,107.25,107.2699966,105.2399979,100.2845306,53002000
2016-09-09,104.63999940000001,105.72000120000001,103.1299973,98.01311493,46557000
2016-09-12,102.6500015,105.72000120000001,102.5299988,100.208519,45292800
2016-09-13,107.5100021,108.79000090000001,107.2399979,102.5939636,62176200
2016-09-14,108.7300034,113.02999879999999,108.59999850000001,106.22444920000001,110888700
2016-09-15,113.8600006,115.7300034,113.4899979,109.83589939999999,89983600
2016-09-16,115.1200027,116.1299973,114.04000090000001,109.21815490000002,79886900
2016-09-19,115.1900024,116.1800003,113.25,107.94464109999998,47023000
2016-09-20,113.0500031,114.1200027,112.5100021,107.9351273,34514300
2016-09-21,113.84999850000001,113.9899979,112.4400024,107.9161148,36003200
2016-09-22,114.34999850000001,114.9400024,114.0,108.93304440000001,31074000
2016-09-23,114.41999820000001,114.79000090000001,111.5500031,107.11780549999999,52481200
2016-09-26,111.6399994,113.3899994,111.5500031,107.2793655,29869400
2016-09-27,113.0,113.1800003,112.3399963,107.4789429,24607400
2016-09-28,113.6900024,114.6399994,113.4300003,108.29627990000002,29641100
2016-09-29,113.1600037,113.8000031,111.8000031,106.6141129,35887000
2016-09-30,112.45999909999999,113.3700027,111.8000031,107.44093319999999,36379100
2016-10-03,112.70999909999999,113.0500031,112.27999879999999,106.9372101,21701800
2016-10-04,113.0599976,114.3099976,112.6299973,107.3934097,29736800
2016-10-05,113.40000149999999,113.6600037,112.6900024,107.44093319999999,21453100
2016-10-06,113.6999969,114.3399963,113.1299973,108.23925020000001,28779300
2016-10-07,114.3099976,114.5599976,113.5100021,108.4008179,24358400
2016-10-10,115.0199966,116.75,114.72000120000001,110.2920837,36236000
2016-10-11,117.6999969,118.6900024,116.1999969,110.5296936,64041000
2016-10-12,117.34999850000001,117.9800034,116.75,111.518074,37586800
2016-10-13,116.79000090000001,117.4400024,115.72000120000001,111.17594150000001,35192400
2016-10-14,117.8799973,118.16999820000001,117.1299973,111.79368590000001,35652200
2016-10-17,117.33000179999999,117.8399963,116.77999879999999,111.71765900000001,23624900
2016-10-18,118.1800003,118.20999909999999,117.4499969,111.6416321,24553500
2016-10-19,117.25,117.7600021,113.8000031,111.3090057,20034600
2016-10-20,116.8600006,117.3799973,116.33000179999999,111.25196840000001,24125800
2016-10-21,116.8099976,116.9100037,116.27999879999999,110.8148041,23192700
2016-10-24,117.09999850000001,117.7399979,117.0,111.8127136,23538700
2016-10-25,117.9499969,118.3600006,117.3099976,112.3829193,48129000
2016-10-26,114.3099976,115.6999969,113.3099976,109.85490420000001,66134200
2016-10-27,115.3899994,115.8600006,114.09999850000001,108.79998020000001,34562000
2016-10-28,113.8700027,115.20999909999999,113.4499969,108.0776978,37861700
2016-10-31,113.65000149999999,114.2300034,113.1999969,107.90660859999998,26419400
2016-11-01,113.45999909999999,113.7699966,110.52999879999999,105.95832820000001,43825800
2016-11-02,111.40000149999999,112.34999850000001,111.2300034,106.05336000000001,28331700
2016-11-03,110.9800034,111.45999909999999,109.5500031,104.91662600000001,26932600
2016-11-04,108.52999879999999,110.25,108.1100006,103.97088620000001,30837000
2016-11-07,110.08000179999999,110.5100021,109.45999909999999,105.470665,32560000
2016-11-08,110.3099976,111.72000120000001,109.6999969,106.09158329999998,24254200
2016-11-09,109.8799973,111.3199997,108.0500031,105.9196396,59176400
2016-11-10,111.0899963,111.0899963,105.83000179999999,102.9678802,57134500
2016-11-11,107.1200027,108.8700027,106.5500031,103.57925420000001,34143900
2016-11-14,107.70999909999999,107.8099976,104.08000179999999,100.9809189,51175500
2016-11-15,106.5699997,107.6800003,106.1600037,102.3182907,32264500
2016-11-16,106.6999969,110.2300034,106.59999850000001,105.0694504,58840500
2016-11-17,109.8099976,110.34999850000001,108.83000179999999,105.0312271,27632000
2016-11-18,109.72000120000001,110.54000090000001,109.6600037,105.13632199999999,28428900
2016-11-21,110.1200027,111.9899979,110.0100021,106.7316055,29264600
2016-11-22,111.9499969,112.41999820000001,111.40000149999999,106.79847720000001,25965500
2016-11-23,111.3600006,111.5100021,110.33000179999999,106.2539749,27426400
2016-11-25,111.1299973,111.8700027,110.9499969,106.7889328,11475900
2016-11-28,111.4300003,112.47000120000001,111.3899994,106.5787659,27194000
2016-11-29,110.77999879999999,112.02999879999999,110.0699997,106.47370149999999,28528800
2016-11-30,111.59999850000001,112.1999969,110.2699966,105.57573700000002,36162300
2016-12-01,110.3700027,110.9400024,109.02999879999999,104.5918121,37086900
2016-12-02,109.16999820000001,110.0899963,108.84999850000001,104.9834747,26528000
2016-12-05,110.0,110.02999879999999,108.25,104.2288208,34324500
2016-12-06,109.5,110.3600006,109.1900024,105.0312271,26195500
2016-12-07,109.2600021,111.1900024,109.1600037,106.0629272,29998700
2016-12-08,110.8600006,112.4300003,110.59999850000001,107.10417179999999,27068300
2016-12-09,112.3099976,114.6999969,112.3099976,108.8522949,34402600
2016-12-12,113.29000090000001,115.0,112.4899979,108.23138429999999,26374400
2016-12-13,113.8399963,115.91999820000001,113.75,110.0368271,43733800
2016-12-14,115.04000090000001,116.1999969,114.9800034,110.0368271,34031800
2016-12-15,115.3799973,116.7300034,115.2300034,110.6386261,46524500
2016-12-16,116.47000120000001,116.5,115.65000149999999,110.781929,44351100
2016-12-19,115.8000031,117.3799973,115.75,111.42194369999999,27779400
2016-12-20,116.7399979,117.5,116.6800003,111.7180862,21425000
2016-12-21,116.8000031,117.40000149999999,116.77999879999999,111.82317350000001,23783200
2016-12-22,116.34999850000001,116.5100021,115.6399994,111.08760829999999,26085900
2016-12-23,115.5899963,116.5199966,115.5899963,111.3073196,14249500
2016-12-27,116.5199966,117.8000031,116.4899979,112.01421359999999,18296900
2016-12-28,117.5199966,118.0199966,116.1999969,111.53659820000001,20905900
2016-12-29,116.4499969,117.1100006,116.40000149999999,111.50792690000002,15039500
2016-12-30,116.65000149999999,117.1999969,115.4300003,110.6386261,30586300
2017-01-03,115.8000031,116.33000179999999,114.7600021,110.95387269999999,28781900
2017-01-04,115.84999850000001,116.5100021,115.75,110.8297043,21118100
2017-01-05,115.91999820000001,116.8600006,115.8099976,111.39330290000001,22193600
2017-01-06,116.77999879999999,118.1600037,116.47000120000001,112.63513950000001,31751900
2017-01-09,117.9499969,119.4300003,117.9400024,113.6668243,33561900
2017-01-10,118.7699966,119.3799973,118.3000031,113.7814636,24462100
2017-01-11,118.7399979,119.9300003,118.59999850000001,114.3928223,27588600
2017-01-12,118.90000149999999,119.3000031,118.20999909999999,113.91518400000001,27086200
2017-01-13,119.1100006,119.6200027,118.8099976,113.7145844,26111900
2017-01-17,118.3399963,120.2399979,118.22000120000001,114.6316528,34439800
2017-01-18,120.0,120.5,119.70999909999999,114.62208559999999,23713000
2017-01-19,119.40000149999999,120.0899963,119.3700027,114.42148590000002,25597300
2017-01-20,120.4499969,120.4499969,119.7300034,114.6316528,32597900
2017-01-23,120.0,120.8099976,119.7699966,114.7080612,22050200
2017-01-24,119.5500031,120.09999850000001,119.5,114.60298159999999,23211000
2017-01-25,120.41999820000001,122.09999850000001,120.27999879999999,116.427536,32377600
2017-01-26,121.66999820000001,122.4400024,121.59999850000001,116.4848557,26337600
2017-01-27,122.1399994,122.34999850000001,121.59999850000001,116.4944153,20562900
2017-01-30,120.9300003,121.6299973,120.6600037,116.1887054,30377500
2017-01-31,121.15000149999999,121.3899994,120.6200027,115.92122649999999,49201000
2017-02-01,127.02999879999999,130.4900055,127.0100021,122.9901886,111985000
2017-02-02,127.9800034,129.3899994,127.77999879999999,122.7800446,33710400
2017-02-03,128.3099976,129.1900024,128.1600037,123.30543519999999,24507300
2017-02-06,129.13000490000002,130.5,128.8999939,124.46131129999999,26845900
2017-02-07,130.5399933,132.0899963,130.4499969,125.6458054,38183800
2017-02-08,131.3500061,132.2200012,131.2200012,126.1330185,23004100
2017-02-09,131.6499939,132.4499969,131.11999509999998,127.0444489,28349900
2017-02-10,132.4600067,132.9400024,132.0500031,126.75661470000001,20065500
2017-02-13,133.0800018,133.8200073,132.75,127.87910459999999,23035400
2017-02-14,133.4700012,135.08999630000002,133.25,129.53890990000002,33226200
2017-02-15,135.5200043,136.2700043,134.61999509999998,130.0090179,35623100
2017-02-16,135.66999819999998,135.8999939,134.83999630000002,129.8554993,22584600
2017-02-17,135.1000061,135.83000180000002,135.1000061,130.2105255,22198200
2017-02-21,136.2299957,136.75,135.9799957,131.1507263,24507200
2017-02-22,136.42999269999999,137.11999509999998,136.1100006,131.5440521,20836900
2017-02-23,137.38000490000002,137.4799957,136.3000031,130.98760990000002,20788200
2017-02-24,135.91000369999998,136.66000369999998,135.27999880000002,131.1123505,21776600
2017-02-27,137.1399994,137.4400024,136.27999880000002,131.37136840000002,20257400
2017-02-28,137.08000180000002,137.4400024,136.6999969,131.4289551,23482900
2017-03-01,137.8899994,140.1499939,137.6000061,134.1152802,36414600
2017-03-02,140.0,140.27999880000002,138.7599945,133.3189392,26211000
2017-03-03,138.77999880000002,139.83000180000002,138.58999630000002,134.1056519,21108100
2017-03-06,139.36999509999998,139.7700043,138.6000061,133.6835175,21750000
2017-03-07,139.0599976,139.9799957,138.78999330000002,133.8562317,17446300
2017-03-08,138.9499969,139.8000031,138.82000730000001,133.3573151,18707200
2017-03-09,138.7400055,138.78999330000002,137.0500031,133.05032350000002,22155900
2017-03-10,139.25,139.3600006,138.6399994,133.4916687,19612800
2017-03-13,138.8500061,139.42999269999999,138.82000730000001,133.5491943,17421700
2017-03-14,139.3000031,139.6499939,138.83999630000002,133.3477631,15309100
2017-03-15,139.41000369999998,140.75,139.02999880000002,134.7580872,25691800
2017-03-16,140.72000119999998,141.0200043,140.2599945,134.978714,19232000
2017-03-17,141.0,141.0,139.8899994,134.30715940000002,43885000
2017-03-20,140.3999939,141.5,140.2299957,135.7174835,21542000
2017-03-21,142.1100006,142.8000031,139.7299957,134.1632233,39529900
2017-03-22,139.8500061,141.6000061,139.7599945,135.6790924,25860200
2017-03-23,141.2599945,141.58000180000002,140.6100006,135.19937130000002,20346300
2017-03-24,141.5,141.7400055,140.3500061,134.9307556,22395600
2017-03-27,139.3899994,141.22000119999998,138.61999509999998,135.161026,23575100
2017-03-28,140.91000369999998,144.03999330000002,140.61999509999998,137.9624786,33374800
2017-03-29,143.67999269999999,144.4900055,143.1900024,138.2694855,29190000
2017-03-30,144.1900024,144.5,143.5,138.08718869999998,21207300
2017-03-31,143.72000119999998,144.2700043,143.0099945,137.8281708,19661700
2017-04-03,143.71000669999998,144.11999509999998,143.0500031,137.8665466,19985700
2017-04-04,143.25,144.8899994,143.16999819999998,138.8931274,19891400
2017-04-05,144.22000119999998,145.46000669999998,143.8099976,138.1735535,27717900
2017-04-06,144.28999330000002,144.5200043,143.4499969,137.8281708,21149000
2017-04-07,143.7299957,144.17999269999999,143.2700043,137.5211487,16672200
2017-04-10,143.6000061,143.88000490000002,142.8999939,137.35806269999998,18933400
2017-04-11,142.9400024,143.3500061,140.0599976,135.88058469999999,30379400
2017-04-12,141.6000061,142.1499939,141.0099945,136.0436554,20350000
2017-04-13,141.91000369999998,142.38000490000002,141.0500031,135.32415769999997,17822900
2017-04-17,141.4799957,141.88000490000002,140.86999509999998,136.0724487,16582100
2017-04-18,141.41000369999998,142.03999330000002,141.1100006,135.46803280000003,14697500
2017-04-19,141.88000490000002,142.0,140.4499969,134.96911619999997,17328400
2017-04-20,141.22000119999998,142.91999819999998,141.16000369999998,136.6577148,23319600
2017-04-21,142.4400024,142.67999269999999,141.8500061,136.49459840000003,17320900
2017-04-24,143.5,143.9499969,143.17999269999999,137.80900569999997,17134300
2017-04-25,143.91000369999998,144.8999939,143.86999509999998,138.6628571,18871500
2017-04-26,144.47000119999998,144.6000061,143.38000490000002,137.8473511,20041200
2017-04-27,143.91999819999998,144.16000369999998,143.3099976,137.9528656,14246300
2017-04-28,144.08999630000002,144.3000031,143.2700043,137.81855769999999,20860400
2017-05-01,145.1000061,147.1999969,144.96000669999998,140.6296387,33602900
2017-05-02,147.53999330000002,148.08999630000002,146.83999630000002,141.5218964,45352200
2017-05-03,145.58999630000002,147.4900055,144.2700043,141.0901489,45697000
2017-05-04,146.5200043,147.1399994,145.8099976,140.5816498,23371900
2017-05-05,146.7599945,148.9799957,146.7599945,142.91300959999998,27327700
2017-05-08,149.02999880000002,153.6999969,149.02999880000002,146.7986145,48752400
2017-05-09,153.86999509999998,154.88000490000002,153.4499969,147.7388,39130400
2017-05-10,153.63000490000002,153.9400024,152.1100006,147.0384674,25805700
2017-05-11,152.4499969,154.07000730000001,152.3099976,148.31008909999997,27255100
2017-05-12,154.6999969,156.41999819999998,154.66999819999998,150.3813171,32527000
2017-05-15,156.0099945,156.6499939,155.0500031,149.9959869,26009700
2017-05-16,155.9400024,156.0599976,154.72000119999998,149.77441409999997,20048500
2017-05-17,153.6000061,154.57000730000001,149.71000669999998,144.74563600000002,50767700
2017-05-18,151.2700043,153.33999630000002,151.13000490000002,146.9517365,33568200
2017-05-19,153.38000490000002,153.9799957,152.63000490000002,147.4526825,26960800
2017-05-22,154.0,154.58000180000002,152.91000369999998,148.3486481,22966400
2017-05-23,154.8999939,154.8999939,153.3099976,148.1655731,19918900
2017-05-24,153.83999630000002,154.16999819999998,152.66999819999998,147.7224426,19178000
2017-05-25,153.7299957,154.3500061,153.02999880000002,148.2329865,19235600
2017-05-26,154.0,154.2400055,153.3099976,147.9825592,21927600
2017-05-30,153.41999819999998,154.42999269999999,153.33000180000002,148.0403595,20126900
2017-05-31,153.97000119999998,154.16999819999998,152.38000490000002,147.163681,24451200
2017-06-01,153.16999819999998,153.33000180000002,152.22000119999998,147.5682983,16404100
2017-06-02,153.58000180000002,155.4499969,152.8899994,149.7551575,27770700
2017-06-05,154.33999630000002,154.4499969,153.46000669999998,148.29081730000001,25331700
2017-06-06,153.8999939,155.8099976,153.77999880000002,148.7917786,26624900
2017-06-07,155.0200043,155.9799957,154.4799957,149.67807009999999,21069600
2017-06-08,155.25,155.53999330000002,154.3999939,149.31199650000002,21250800
2017-06-09,155.1900024,155.1900024,146.0200043,143.5221405,64882700
2017-06-12,145.7400055,146.08999630000002,142.5099945,140.0925903,72307300
2017-06-13,147.16000369999998,147.4499969,145.1499939,141.2197418,34165400
2017-06-14,147.5,147.5,143.83999630000002,139.84213259999999,31531200
2017-06-15,143.32000730000001,144.4799957,142.21000669999998,139.003952,32165400
2017-06-16,143.77999880000002,144.5,142.1999969,137.0579834,50361100
2017-06-19,143.66000369999998,146.7400055,143.66000369999998,140.9788818,32541400
2017-06-20,146.86999509999998,146.86999509999998,144.9400024,139.6976013,24900100
2017-06-21,145.5200043,146.07000730000001,144.6100006,140.5260925,21265800
2017-06-22,145.7700043,146.6999969,145.11999509999998,140.2949219,19106300
2017-06-23,145.13000490000002,147.16000369999998,145.1100006,140.92108149999999,35439400
2017-06-26,147.16999819999998,148.27999880000002,145.38000490000002,140.477951,25692400
2017-06-27,145.0099945,146.16000369999998,143.61999509999998,138.46449280000002,24761900
2017-06-28,144.4900055,146.1100006,143.16000369999998,140.4875793,22082400
2017-06-29,144.71000669999998,145.13000490000002,142.27999880000002,138.41632080000002,31499400
2017-06-30,144.4499969,144.96000669999998,143.77999880000002,138.7438965,23024100
2017-07-03,144.88000490000002,145.3000031,143.1000061,138.24290469999997,14277800
2017-07-05,143.6900024,144.78999330000002,142.72000119999998,138.81130980000003,21569600
2017-07-06,143.0200043,143.5,142.41000369999998,137.50114440000002,24128800
2017-07-07,142.8999939,144.75,142.8999939,138.8980103,19201700
2017-07-10,144.1100006,145.9499969,143.36999509999998,139.7457581,21090600
2017-07-11,144.7299957,145.8500061,144.38000490000002,140.19854740000002,19781800
2017-07-12,145.86999509999998,146.17999269999999,144.82000730000001,140.4008636,24884500
2017-07-13,145.5,148.4900055,145.4400024,142.3565216,25199400
2017-07-14,147.97000119999998,149.33000180000002,147.33000180000002,143.5799561,20132100
2017-07-17,148.82000730000001,150.8999939,148.57000730000001,144.0808868,23793500
2017-07-18,149.1999969,150.13000490000002,148.66999819999998,144.58187869999998,17868800
2017-07-19,150.4799957,151.41999819999998,149.9499969,145.4874268,20923000
2017-07-20,151.5,151.7400055,150.1900024,144.8323364,17243700
2017-07-21,149.9900055,150.4400024,148.88000490000002,144.76490780000003,26252600
2017-07-24,150.58000180000002,152.4400024,149.8999939,146.51824950000002,21493200
2017-07-25,151.8000031,153.83999630000002,151.8000031,147.1444244,18853900
2017-07-26,153.3500061,153.92999269999999,153.0599976,147.8380585,15781000
2017-07-27,153.75,153.9900055,147.3000031,145.044281,32476300
2017-07-28,149.8899994,150.2299957,149.1900024,144.02311709999998,17213700
2017-07-31,149.8999939,150.33000180000002,148.13000490000002,143.28131100000002,19845900
2017-08-01,149.1000061,150.22000119999998,148.41000369999998,144.55296330000002,35368600
2017-08-02,159.27999880000002,159.75,156.16000369999998,151.3832245,69936800
2017-08-03,157.0500031,157.21000669999998,155.0200043,149.87074280000002,27097300
2017-08-04,156.07000730000001,157.3999939,155.6900024,150.6607208,20559900
2017-08-07,157.0599976,158.91999819999998,156.66999819999998,152.9920654,21870300
2017-08-08,158.6000061,161.83000180000002,158.2700043,154.2155304,36205900
2017-08-09,159.2599945,161.2700043,159.1100006,155.1596069,26131500
2017-08-10,159.8999939,160.0,154.63000490000002,150.21749880000002,40804300
2017-08-11,156.6000061,158.57000730000001,156.07000730000001,152.30654909999998,26257100
2017-08-14,159.32000730000001,160.21000669999998,158.75,154.5986938,22122700
2017-08-15,160.66000369999998,162.1999969,160.1399994,156.2911835,29465500
2017-08-16,161.9400024,162.5099945,160.1499939,155.6625214,27671600
2017-08-17,160.5200043,160.71000669999998,157.83999630000002,152.674057,27940600
2017-08-18,157.8600006,159.5,156.72000119999998,152.32589719999999,27428100
2017-08-21,157.5,157.8899994,155.1100006,152.0454254,26368500
2017-08-22,158.2299957,160.0,158.0200043,154.5309906,21604600
2017-08-23,159.07000730000001,160.47000119999998,158.88000490000002,154.7243958,19399100
2017-08-24,160.42999269999999,160.7400055,158.5500031,154.037735,19818900
2017-08-25,159.6499939,160.5599976,159.2700043,154.60835269999998,25480100
2017-08-28,160.1399994,162.0,159.92999269999999,156.165451,25966000
2017-08-29,160.1000061,163.11999509999998,160.0,157.5581665,29516900
2017-08-30,163.8000031,163.8899994,162.6100006,157.98370359999998,27269600
2017-08-31,163.6399994,164.5200043,163.4799957,158.6123505,26785100
2017-09-01,164.8000031,164.9400024,163.63000490000002,158.6607056,16591100
2017-09-05,163.75,164.25,160.5599976,156.7554321,29468500
2017-09-06,162.71000669999998,162.9900055,160.5200043,156.5909882,21651700
2017-09-07,162.08999630000002,162.2400055,160.3600006,155.96234130000002,21928500
2017-09-08,160.8600006,161.1499939,158.52999880000002,153.4187775,28611500
2017-09-11,160.5,162.0500031,159.8899994,156.1944885,31580800
2017-09-12,162.6100006,163.96000669999998,158.7700043,155.57551569999998,71714000
2017-09-13,159.86999509999998,159.96000669999998,157.91000369999998,154.4052582,44907400
2017-09-14,158.9900055,159.3999939,158.08999630000002,153.080246,23760700
2017-09-15,158.47000119999998,160.97000119999998,158.0,154.6277008,49114600
2017-09-18,160.1100006,160.5,158.0,153.45744319999997,28269400
2017-09-19,159.5099945,159.7700043,158.4400024,153.51547240000002,20810600
2017-09-20,157.8999939,158.2599945,153.83000180000002,150.9428711,52951400
2017-09-21,155.8000031,155.8000031,152.75,148.35089109999998,37511700
2017-09-22,151.53999330000002,152.2700043,150.5599976,146.900177,46645400
2017-09-25,149.9900055,151.83000180000002,149.16000369999998,145.6042023,44387300
2017-09-26,151.77999880000002,153.91999819999998,151.6900024,148.1091156,36660000
2017-09-27,153.8000031,154.72000119999998,153.53999330000002,149.16329960000002,25504200
2017-09-28,153.8899994,154.27999880000002,152.6999969,148.2445068,22005500
2017-09-29,153.21000669999998,154.13000490000002,152.0,149.0569,26299800
2017-10-02,154.2599945,154.4499969,152.72000119999998,148.7571106,18698800
2017-10-03,154.0099945,155.08999630000002,153.91000369999998,149.40510559999998,16230300
2017-10-04,153.63000490000002,153.8600006,152.46000669999998,148.43795780000002,20163800
2017-10-05,154.17999269999999,155.4400024,154.0500031,150.28517150000002,21283800
2017-10-06,154.97000119999998,155.4900055,154.5599976,150.1981354,17407600
2017-10-09,155.8099976,156.7299957,155.4900055,150.7203979,16262900
2017-10-10,156.0599976,158.0,155.1000061,150.7784271,15617000
2017-10-11,155.97000119999998,156.9799957,155.75,151.4071045,16905600
2017-10-12,156.3500061,157.36999509999998,155.7299957,150.8751678,16125100
2017-10-13,156.7299957,157.27999880000002,156.41000369999998,151.8326416,16394200
2017-10-16,157.8999939,160.0,157.6499939,154.6277008,24121500
2017-10-17,159.77999880000002,160.86999509999998,159.2299957,155.1983185,18997300
2017-10-18,160.41999819999998,160.71000669999998,159.6000061,154.5116425,16374200
2017-10-19,156.75,157.08000180000002,155.0200043,150.8558044,42584200
2017-10-20,156.6100006,157.75,155.96000669999998,151.11695859999998,23974100
2017-10-23,156.8899994,157.6900024,155.5,151.0395813,21984300
2017-10-24,156.28999330000002,157.41999819999998,156.1999969,151.9390106,17757200
2017-10-25,156.91000369999998,157.5500031,155.2700043,151.27168269999999,21207100
2017-10-26,157.2299957,157.83000180000002,156.77999880000002,152.23881530000003,17000500
2017-10-27,159.28999330000002,163.6000061,158.6999969,157.6935425,44454200
2017-10-30,163.8899994,168.07000730000001,163.72000119999998,161.2429962,44700800
2017-10-31,167.8999939,169.6499939,166.9400024,163.4867554,36046800
2017-11-01,169.86999509999998,169.9400024,165.6100006,161.40739440000002,33637800
2017-11-02,166.6000061,168.5,165.27999880000002,162.587326,41393400
2017-11-03,174.0,174.2599945,171.11999509999998,166.8331146,59398600
2017-11-06,172.36999509999998,174.9900055,171.72000119999998,168.5256195,35026300
2017-11-07,173.91000369999998,175.25,173.6000061,169.067215,24361500
2017-11-08,174.66000369999998,176.2400055,174.33000180000002,170.4502563,24409500
2017-11-09,175.1100006,176.1000061,173.1399994,170.1020966,29482600
2017-11-10,175.1100006,175.38000490000002,174.2700043,169.53909299999998,25145500
2017-11-13,173.5,174.5,173.3999939,168.85966489999998,16982100
2017-11-14,173.03999330000002,173.4799957,171.17999269999999,166.3069,24782500
2017-11-15,169.97000119999998,170.32000730000001,168.38000490000002,164.1132813,29158100
2017-11-16,171.17999269999999,171.86999509999998,170.3000031,166.0739746,23637500
2017-11-17,171.03999330000002,171.3899994,169.6399994,165.1518707,21899500
2017-11-20,170.28999330000002,170.5599976,169.5599976,164.9868927,16262400
2017-11-21,170.77999880000002,173.6999969,170.77999880000002,168.0540314,25131300
2017-11-22,173.3600006,175.0,173.0500031,169.8205872,25588900
2017-11-24,175.1000061,175.5,174.6499939,169.830307,14026700
2017-11-27,175.0500031,175.08000180000002,173.33999630000002,168.9761353,20716800
2017-11-28,174.3000031,174.86999509999998,171.8600006,167.98609919999998,26428800
2017-11-29,172.63000490000002,172.91999819999998,167.16000369999998,164.5015869,41666400
2017-11-30,170.42999269999999,172.1399994,168.4400024,166.80195619999998,41527200
2017-12-01,169.9499969,171.66999819999998,168.5,166.02543640000002,39759300
2017-12-04,172.4799957,172.61999509999998,169.63000490000002,164.81213380000003,32542400
2017-12-05,169.0599976,171.5200043,168.3999939,164.6568451,27350200
2017-12-06,167.5,170.1999969,166.46000669999998,164.0453796,28560000
2017-12-07,169.02999880000002,170.4400024,168.91000369999998,164.34629819999998,25673300
2017-12-08,170.4900055,171.0,168.82000730000001,164.3947754,23355200
2017-12-11,169.1999969,172.8899994,168.78999330000002,167.59785459999998,35273800
2017-12-12,172.1499939,172.3899994,171.46000669999998,166.65635680000003,19409200
2017-12-13,172.5,173.53999330000002,172.0,167.20961,23818400
2017-12-14,172.3999939,173.13000490000002,171.6499939,167.1610565,20476500
2017-12-15,173.63000490000002,174.16999819999998,172.46000669999998,168.85966489999998,40169300
2017-12-18,174.88000490000002,177.1999969,174.8600006,171.2377167,29421100
2017-12-19,175.02999880000002,175.3899994,174.08999630000002,169.4129028,27436400
2017-12-20,174.86999509999998,175.41999819999998,173.25,169.2285004,23475600
2017-12-21,174.16999819999998,176.0200043,174.1000061,169.8691101,20949900
2017-12-22,174.67999269999999,175.41999819999998,174.5,169.8691101,16349400
2017-12-26,170.8000031,171.47000119999998,169.67999269999999,165.5595551,33185500
2017-12-27,170.1000061,170.77999880000002,169.71000669999998,165.58866880000002,21498200
2017-12-28,171.0,171.8500061,170.4799957,166.05458069999997,16480200
2017-12-29,170.5200043,170.58999630000002,169.22000119999998,164.2588959,25999900
2018-01-02,170.16000369999998,172.3000031,169.2599945,167.19989009999998,25555900
2018-01-03,172.52999880000002,174.5500031,171.96000669999998,167.1707764,29517900
2018-01-04,172.53999330000002,173.47000119999998,172.08000180000002,167.9472656,22434600
2018-01-05,173.4400024,175.36999509999998,173.0500031,169.85940549999998,23660000
2018-01-08,174.3500061,175.6100006,173.92999269999999,169.2285004,20567800
2018-01-09,174.5500031,175.0599976,173.41000369999998,169.2090912,21584000
2018-01-10,173.16000369999998,174.3000031,173.0,169.17025759999999,23959900
2018-01-11,174.58999630000002,175.4900055,174.4900055,170.1311798,18667700
2018-01-12,176.17999269999999,177.3600006,175.6499939,171.888031,25418100
2018-01-16,177.8999939,179.3899994,176.1399994,171.0144653,29565900
2018-01-17,176.1499939,179.25,175.07000730000001,173.8390045,34386800
2018-01-18,179.36999509999998,180.1000061,178.25,173.9942932,31193400
2018-01-19,178.6100006,179.58000180000002,177.41000369999998,173.2177887,32425100
2018-01-22,177.3000031,177.77999880000002,176.6000061,171.8006744,27108600
2018-01-23,177.3000031,179.4400024,176.82000730000001,171.83949280000002,32689100
2018-01-24,177.25,177.3000031,173.1999969,169.10232539999998,51105100
2018-01-25,174.5099945,174.9499969,170.52999880000002,166.08367919999998,41529000
2018-01-26,172.0,172.0,170.0599976,166.4719238,39143000
2018-01-29,170.16000369999998,170.16000369999998,167.07000730000001,163.0262146,50640400
2018-01-30,165.52999880000002,167.36999509999998,164.6999969,162.0652771,46048200
2018-01-31,166.86999509999998,168.4400024,166.5,162.51177980000003,32478900
2018-02-01,167.16999819999998,168.61999509999998,166.7599945,162.85148619999998,47230800
2018-02-02,166.0,166.8000031,160.1000061,155.7853699,86593800
2018-02-05,159.1000061,163.88000490000002,156.0,151.8931274,72738500
2018-02-06,154.83000180000002,163.72000119999998,154.0,158.2410126,68243800
2018-02-07,163.08999630000002,163.3999939,159.07000730000001,154.8535309,51608600
2018-02-08,160.28999330000002,161.0,155.02999880000002,150.59249880000002,54390500
2018-02-09,157.07000730000001,157.8899994,150.2400055,152.4344635,70672600
2018-02-12,158.5,163.8899994,157.5099945,158.5743256,60819500
2018-02-13,161.9499969,164.75,161.6499939,160.1629028,32549200
2018-02-14,163.03999330000002,167.53999330000002,162.88000490000002,163.1158905,40644900
2018-02-15,169.78999330000002,173.08999630000002,169.0,168.59303280000003,51147200
2018-02-16,172.3600006,174.82000730000001,171.7700043,168.04727169999998,40176100
2018-02-20,172.0500031,174.2599945,171.41999819999998,167.4820251,33930500
2018-02-21,172.83000180000002,174.11999509999998,171.0099945,166.7218475,37471600
2018-02-22,171.8000031,173.9499969,171.71000669999998,168.115509,30991900
2018-02-23,173.66999819999998,175.6499939,173.53999330000002,171.0392456,33812400
2018-02-26,176.3500061,179.3899994,176.21000669999998,174.4210358,38162200
2018-02-27,179.1000061,180.4799957,178.16000369999998,173.8558044,38928100
2018-02-28,179.2599945,180.61999509999998,178.0500031,173.5926666,37782100
2018-03-01,178.53999330000002,179.77999880000002,172.66000369999998,170.5519409,48802000
2018-03-02,172.8000031,176.3000031,172.4499969,171.7311859,38454000
2018-03-05,175.21000669999998,177.7400055,174.5200043,172.32571409999997,28401400
2018-03-06,177.91000369999998,178.25,176.13000490000002,172.1795044,23788500
2018-03-07,174.9400024,175.8500061,174.2700043,170.58120730000002,31703500
2018-03-08,175.4799957,177.11999509999998,175.07000730000001,172.44264219999997,23774100
2018-03-09,177.96000669999998,180.0,177.3899994,175.405365,32185200
2018-03-12,180.28999330000002,182.3899994,180.21000669999998,177.1011353,32207100
2018-03-13,182.58999630000002,183.5,179.2400055,175.39562990000002,31693500
2018-03-14,180.32000730000001,180.5200043,177.8099976,173.90449519999999,29368400
2018-03-15,178.5,180.2400055,178.07000730000001,174.1091614,22743800
2018-03-16,178.6499939,179.11999509999998,177.61999509999998,173.4951935,39404700
2018-03-19,177.32000730000001,177.47000119999998,173.66000369999998,170.8443451,33446800
2018-03-20,175.2400055,176.8000031,174.9400024,170.7858582,19649400
2018-03-21,175.03999330000002,175.08999630000002,171.2599945,166.91674799999998,37054900
2018-03-22,170.0,172.67999269999999,168.6000061,164.5582733,41490800
2018-03-23,168.3899994,169.91999819999998,164.9400024,160.7476349,41028800
2018-03-26,168.07000730000001,173.1000061,166.4400024,168.3786621,37541200
2018-03-27,173.67999269999999,175.1499939,166.91999819999998,164.0612183,40922600
2018-03-28,167.25,170.0200043,165.1900024,162.2485199,41668500
2018-03-29,167.8099976,171.75,166.8999939,163.5154572,38398500
2018-04-02,166.6399994,168.9400024,164.47000119999998,162.4434204,37586800
2018-04-03,167.6399994,168.75,164.88000490000002,164.1099701,30278000
2018-04-04,164.88000490000002,172.0099945,164.7700043,167.24812319999998,34605500
2018-04-05,172.58000180000002,174.2299957,172.08000180000002,168.40786740000001,26933200
2018-04-06,170.97000119999998,172.4799957,168.1999969,164.100235,35005300
2018-04-09,169.88000490000002,173.08999630000002,169.8500061,165.7277832,29017700
2018-04-10,173.0,174.0,171.52999880000002,168.8464508,28408600
2018-04-11,172.2299957,173.91999819999998,171.6999969,168.05702209999998,22431600
2018-04-12,173.41000369999998,175.0,173.03999330000002,169.71382140000003,22889300
2018-04-13,174.77999880000002,175.83999630000002,173.8500061,170.2888031,25124300
2018-04-16,175.02999880000002,176.1900024,174.83000180000002,171.35112,21578400
2018-04-17,176.4900055,178.9400024,176.41000369999998,173.7095947,26605400
2018-04-18,177.8099976,178.82000730000001,176.88000490000002,173.3197632,20754500
2018-04-19,173.7599945,175.3899994,172.66000369999998,168.40786740000001,34808800
2018-04-20,170.6000061,171.22000119999998,165.42999269999999,161.5078125,65491100
2018-04-23,166.83000180000002,166.91999819999998,164.08999630000002,161.04003909999997,36515500
2018-04-24,165.66999819999998,166.33000180000002,161.22000119999998,158.79849240000001,33692000
2018-04-25,162.61999509999998,165.41999819999998,162.41000369999998,159.49043269999999,28382100
2018-04-26,164.11999509999998,165.7299957,163.36999509999998,160.0459595,27963000
2018-04-27,164.0,164.33000180000002,160.63000490000002,158.1942444,35655800
2018-04-30,162.13000490000002,167.2599945,161.83999630000002,161.0595093,42427400
2018-05-01,166.41000369999998,169.1999969,165.2700043,164.8018951,53569400
2018-05-02,175.2299957,177.75,173.8000031,172.0820618,66539400
2018-05-03,175.88000490000002,177.5,174.4400024,172.39390559999998,34068200
2018-05-04,178.25,184.25,178.16999819999998,179.1575165,56201300
2018-05-07,185.17999269999999,187.66999819999998,184.75,180.4537201,42451400
2018-05-08,184.9900055,186.22000119999998,183.66999819999998,181.32109069999998,28402800
2018-05-09,186.5500031,187.3999939,185.22000119999998,182.5977936,23211200
2018-05-10,187.7400055,190.36999509999998,187.6499939,185.209671,27989300
2018-05-11,189.4900055,190.0599976,187.4499969,184.50526430000002,26212200
2018-05-14,189.0099945,189.52999880000002,187.8600006,184.0747986,20778800
2018-05-15,186.77999880000002,187.07000730000001,185.1000061,182.40184019999998,23695200
2018-05-16,186.07000730000001,188.46000669999998,186.0,184.1041412,19183100
2018-05-17,188.0,188.91000369999998,186.3600006,182.9399261,17294000
2018-05-18,187.1900024,187.8099976,186.13000490000002,182.2746429,18297700
2018-05-21,188.0,189.2700043,186.91000369999998,183.5660706,18400800
2018-05-22,188.38000490000002,188.88000490000002,186.77999880000002,183.10621640000002,15240700
2018-05-23,186.3500061,188.5,185.7599945,184.28027340000003,20058400
2018-05-24,188.7700043,188.83999630000002,186.21000669999998,184.0747986,23234000
2018-05-25,188.2299957,189.6499939,187.6499939,184.49549869999998,17461000
2018-05-29,187.6000061,188.75,186.86999509999998,183.8302307,22514100
2018-05-30,187.72000119999998,188.0,186.77999880000002,183.4388885,18690500
2018-05-31,187.22000119999998,188.2299957,186.1399994,182.82250980000003,27482800
2018-06-01,187.9900055,190.2599945,187.75,186.1195068,23442500
2018-06-04,191.6399994,193.41999819999998,191.3500061,187.6750946,26266200
2018-06-05,193.07000730000001,193.9400024,192.3600006,189.1230316,21566000
2018-06-06,193.63000490000002,194.08000180000002,191.91999819999998,189.77851869999998,20933600
2018-06-07,194.1399994,194.1999969,192.33999630000002,189.26980590000002,21347200
2018-06-08,191.16999819999998,192.0,189.7700043,187.5479126,26656800
2018-06-11,191.3500061,191.97000119999998,190.21000669999998,187.088089,18308500
2018-06-12,191.3899994,192.6100006,191.1499939,188.1153412,16911100
2018-06-13,192.41999819999998,192.88000490000002,190.4400024,186.5695648,21638400
2018-06-14,191.5500031,191.57000730000001,190.22000119999998,186.6674042,21610100
2018-06-15,190.02999880000002,190.16000369999998,188.2599945,184.7498627,61719200
2018-06-18,187.88000490000002,189.22000119999998,187.1999969,184.6520081,18484900
2018-06-19,185.1399994,186.33000180000002,183.4499969,181.6680756,33578500
2018-06-20,186.3500061,187.1999969,185.7299957,182.46054080000002,20628700
2018-06-21,187.25,188.3500061,184.9400024,181.4430695,25711900
2018-06-22,186.11999509999998,186.1499939,184.6999969,180.9147491,27200400
2018-06-25,183.3999939,184.91999819999998,180.7299957,178.22430419999998,31663100
2018-06-26,182.9900055,186.52999880000002,182.53999330000002,180.435379,24569200
2018-06-27,185.2299957,187.27999880000002,184.02999880000002,180.1712189,25285300
2018-06-28,184.1000061,186.21000669999998,183.8000031,181.4822083,17365200
2018-06-29,186.28999330000002,187.1900024,182.91000369999998,181.100647,22737700
2018-07-02,183.82000730000001,187.3000031,183.41999819999998,183.1258087,17731300
2018-07-03,187.78999330000002,187.9499969,183.53999330000002,179.9364166,13954800
2018-07-05,185.2599945,186.41000369999998,184.27999880000002,181.3843536,16604200
2018-07-06,185.41999819999998,188.42999269999999,185.1999969,183.89868159999997,17485200
2018-07-09,189.5,190.67999269999999,189.3000031,186.4521637,19756600
2018-07-10,190.71000669999998,191.27999880000002,190.17999269999999,186.2271729,15939100
2018-07-11,188.5,189.77999880000002,187.6100006,183.81063840000002,18831500
2018-07-12,189.52999880000002,191.41000369999998,189.3099976,186.89241030000002,18041100
2018-07-13,191.08000180000002,191.83999630000002,190.8999939,187.18589780000002,12513900
2018-07-16,191.5200043,192.6499939,190.41999819999998,186.7750244,15043100
2018-07-17,189.75,191.86999509999998,189.1999969,187.303299,15534500
2018-07-18,191.77999880000002,191.8000031,189.92999269999999,186.27604680000002,16393400
2018-07-19,189.6900024,192.5500031,189.6900024,187.7240295,20286800
2018-07-20,191.77999880000002,192.42999269999999,190.16999819999998,187.29356380000002,20676200
2018-07-23,190.67999269999999,191.96000669999998,189.5599976,187.4598389,15989400
2018-07-24,192.4499969,193.66000369999998,192.0500031,188.8197479,18697900
2018-07-25,193.0599976,194.8500061,192.42999269999999,190.6003418,16709900
2018-07-26,194.6100006,195.96000669999998,193.6100006,190.00354,19076000
2018-07-27,194.9900055,195.1900024,190.1000061,186.84352109999998,24024000
2018-07-30,191.8999939,192.1999969,189.07000730000001,185.79667659999998,21029500
2018-07-31,190.3000031,192.1399994,189.33999630000002,186.16842649999998,39373000
2018-08-01,199.13000490000002,201.7599945,197.3099976,197.1356506,67935700
2018-08-02,200.58000180000002,208.38000490000002,200.3500061,202.89807130000003,62404000
2018-08-03,207.02999880000002,208.7400055,205.4799957,203.4850616,33447400
2018-08-06,208.0,209.25,207.07000730000001,204.54167180000002,25425400
2018-08-07,209.32000730000001,209.5,206.7599945,202.6241302,25587400
2018-08-08,206.0500031,207.8099976,204.5200043,202.76112369999998,22525500
2018-08-09,209.52999880000002,209.7799988,207.1999969,204.3558044,23492600
2018-08-10,207.3600006,209.1000061,206.66999819999998,203.74710080000003,24611200
2018-08-13,209.3099976,210.9499969,207.6999969,205.0626678,25890900
2018-08-14,210.1600037,210.55999759999997,208.2599945,205.92666630000002,20748000
2018-08-15,209.22000119999998,210.74000550000002,208.33000180000002,206.4077148,28807600
2018-08-16,211.75,213.80999759999997,211.4700012,209.4315796,28500400
2018-08-17,213.44000240000003,217.9499969,213.1600037,213.61389159999996,35427000
2018-08-20,218.10000609999997,219.17999269999996,215.1100006,211.53256230000002,30287700
2018-08-21,216.8000031,217.19000240000003,214.0299988,211.12020869999998,26159800
2018-08-22,214.10000609999997,216.3600006,213.8399963,211.13003540000003,19018100
2018-08-23,214.64999390000003,217.0500031,214.60000609999997,211.5620117,18883200
2018-08-24,216.60000609999997,216.89999390000003,215.1100006,212.21980290000002,18476400
2018-08-27,217.14999390000003,218.74000550000002,216.33000180000002,213.96734619999998,20525100
2018-08-28,219.00999449999998,220.53999330000002,218.91999819999998,215.6952667,22776800
2018-08-29,220.14999390000003,223.49000550000002,219.4100037,218.91548160000002,27254800
2018-08-30,223.25,228.25999449999998,222.39999390000003,220.9281006,48793800
2018-08-31,226.50999449999998,228.86999509999998,226.0,223.48071290000001,43340100
2018-09-04,228.4100037,229.17999269999996,226.63000490000002,224.19741820000002,27390100
2018-09-05,228.99000550000002,229.66999819999998,225.10000609999997,222.7345886,33333000
2018-09-06,226.2299957,227.35000609999997,221.3000031,219.0333099,34290000
2018-09-07,221.85000609999997,225.36999509999998,220.71000669999998,217.2661133,37619800
2018-09-10,220.9499969,221.85000609999997,216.4700012,214.350235,39516500
2018-09-11,218.00999449999998,224.3000031,216.55999759999997,219.7696381,35749000
2018-09-12,224.94000240000003,225.0,219.8399963,217.04029849999998,49278700
2018-09-13,223.5200043,228.35000609999997,222.57000730000004,222.28295899999998,41706400
2018-09-14,225.75,226.8399963,222.5200043,219.75981140000002,31999300
2018-09-17,222.14999390000003,222.9499969,217.2700043,213.90844730000003,37195100
2018-09-18,217.78999330000002,221.85000609999997,217.11999509999998,214.2618866,31571700
2018-09-19,218.5,219.61999509999998,215.3000031,214.38949580000002,27123800
2018-09-20,220.24000550000002,222.2799988,219.14999390000003,216.0192719,26608800
2018-09-21,220.7799988,221.3600006,217.28999330000002,213.6924591,96246700
2018-09-24,216.82000730000004,221.25999449999998,216.63000490000002,216.7653961,27693400
2018-09-25,219.75,222.82000730000004,219.6999969,218.1398773,24554400
2018-09-26,221.0,223.75,219.75999449999998,216.4021454,23984700
2018-09-27,223.82000730000004,226.44000240000003,223.53999330000002,220.84957889999998,30181200
2018-09-28,224.78999330000002,225.8399963,224.0200043,221.62516780000004,22929400
2018-10-01,227.9499969,229.41999819999998,226.35000609999997,223.1174622,23600800
2018-10-02,227.25,230.0,226.63000490000002,225.100647,24788200
2018-10-03,230.0500031,233.4700012,229.7799988,227.839798,28654800
2018-10-04,230.7799988,232.35000609999997,226.7299957,223.83416749999998,32042000
2018-10-05,227.96000669999998,228.4100037,220.58000180000002,220.20159909999998,33580500
2018-10-08,222.21000669999998,224.8000031,220.1999969,219.6911011,29663900
2018-10-09,223.6399994,227.2700043,222.25,222.7345886,26891000
2018-10-10,225.46000669999998,226.35000609999997,216.0500031,212.41615299999998,41990600
2018-10-11,214.5200043,219.5,212.32000730000004,210.54096980000003,53124400
2018-10-12,220.41999819999998,222.88000490000002,216.8399963,218.06134029999998,40337900
2018-10-15,221.1600037,221.83000180000002,217.2700043,213.3979187,30791000
2018-10-16,218.92999269999996,222.99000550000002,216.75999449999998,218.1006012,29184000
2018-10-17,222.3000031,222.6399994,219.3399963,217.15811159999998,22885400
2018-10-18,217.8600006,219.74000550000002,213.0,212.0823517,32581300
2018-10-19,218.05999759999997,221.25999449999998,217.42999269999996,215.3123627,33078700
2018-10-22,219.78999330000002,223.3600006,218.94000240000003,216.6279449,28792100
2018-10-23,215.83000180000002,223.25,214.6999969,218.6700287,38767800
2018-10-24,222.60000609999997,224.2299957,214.53999330000002,211.16929629999998,40925500
2018-10-25,217.71000669999998,221.38000490000002,216.75,215.793457,29855800
2018-10-26,215.89999390000003,220.19000240000003,212.66999819999998,212.35723880000003,47258400
2018-10-29,219.19000240000003,219.69000240000003,206.08999630000002,208.3712616,45935500
2018-10-30,211.14999390000003,215.17999269999996,209.2700043,209.4119263,36660000
2018-10-31,216.88000490000002,220.4499969,216.61999509999998,214.87059019999998,38358900
2018-11-01,219.0500031,222.3600006,216.80999759999997,218.169342,58323200
2018-11-02,209.5500031,213.64999390000003,205.42999269999999,203.69799799999998,91328700
2018-11-05,204.3000031,204.3899994,198.16999819999998,197.91537480000002,66163700
2018-11-06,201.91999819999998,204.72000119999998,201.6900024,200.0556488,31882900
2018-11-07,205.97000119999998,210.05999759999997,204.13000490000002,206.1229858,33424400
2018-11-08,209.9799957,210.11999509999998,206.75,205.4038086,25362600
2018-11-09,205.5500031,206.0099945,202.25,201.4432983,34365800
2018-11-12,199.0,199.8500061,193.78999330000002,191.2957611,51135500
2018-11-13,191.63000490000002,197.17999269999999,191.4499969,189.3844757,46882900
2018-11-14,193.8999939,194.4799957,185.92999269999999,184.03488159999998,60801000
2018-11-15,188.3899994,191.97000119999998,186.8999939,188.5766296,46478800
2018-11-16,190.5,194.97000119999998,189.46000669999998,190.6652374,36928300
2018-11-19,190.0,190.6999969,184.9900055,183.1087799,41925300
2018-11-20,178.36999509999998,181.47000119999998,175.5099945,174.3602448,67825200
2018-11-21,179.7299957,180.2700043,176.5500031,174.1631927,31124200
2018-11-23,174.9400024,176.6000061,172.1000061,169.7396545,23624000
2018-11-26,174.2400055,174.9499969,170.2599945,172.03517150000002,44998500
2018-11-27,171.5099945,174.7700043,170.88000490000002,171.6607971,41387400
2018-11-28,176.7299957,181.28999330000002,174.92999269999999,178.2616272,46062500
2018-11-29,182.66000369999998,182.8000031,177.6999969,176.8921967,41770000
2018-11-30,180.28999330000002,180.33000180000002,177.02999880000002,175.936554,39531500
2018-12-03,184.46000669999998,184.9400024,181.21000669999998,182.08418269999999,40802500
2018-12-04,180.9499969,182.3899994,176.2700043,174.0745392,41344300
2018-12-06,171.7599945,174.77999880000002,170.41999819999998,172.1336823,43098400
2018-12-07,173.4900055,174.4900055,168.3000031,165.9959259,42281600
2018-12-10,165.0,170.08999630000002,163.33000180000002,167.0894775,62026000
2018-12-11,171.66000369999998,171.78999330000002,167.0,166.1338501,47281700
2018-12-12,170.3999939,171.91999819999998,169.0200043,166.5968781,35627700
2018-12-13,170.4900055,172.57000730000001,169.5500031,168.4194794,31898600
2018-12-14,169.0,169.08000180000002,165.27999880000002,163.03045649999999,40703700
2018-12-17,165.4499969,168.3500061,162.7299957,161.5132599,44287900
2018-12-18,165.38000490000002,167.52999880000002,164.3899994,163.6117401,33841500
2018-12-19,166.0,167.4499969,159.08999630000002,158.5084076,49047300
2018-12-20,160.3999939,162.1100006,155.3000031,154.5084991,64773000
2018-12-21,156.8600006,158.16000369999998,149.63000490000002,148.4987946,95744600
2018-12-24,148.1499939,151.5500031,146.58999630000002,144.65653989999998,37169200
2018-12-26,148.3000031,157.2299957,146.72000119999998,154.8434753,58582500
2018-12-27,155.83999630000002,156.7700043,150.07000730000001,153.83856200000002,53117100
2018-12-28,157.5,158.5200043,154.5500031,153.9173889,42291400
2018-12-31,158.52999880000002,159.3600006,156.4799957,155.4050446,35003500
2019-01-02,154.8899994,158.8500061,154.2299957,155.5823669,37039700
2019-01-03,143.9799957,145.72000119999998,142.0,140.08522030000003,91312200
2019-01-04,144.52999880000002,148.5500031,143.8000031,146.0653534,58607100
2019-01-07,148.6999969,148.83000180000002,145.8999939,145.7402649,54777800
2019-01-08,149.5599976,151.82000730000001,148.5200043,148.51850890000003,41025300
2019-01-09,151.28999330000002,154.52999880000002,149.63000490000002,151.0406036,45099100
2019-01-10,152.5,153.97000119999998,150.8600006,151.52337649999998,35780700
2019-01-11,152.88000490000002,153.6999969,151.5099945,150.0357056,27023200
2019-01-14,150.8500061,151.2700043,149.22000119999998,147.7796021,32439200
2019-01-15,150.2700043,153.3899994,150.0500031,150.8041687,28710900
2019-01-16,153.08000180000002,155.88000490000002,153.0,152.6464844,30569700
2019-01-17,154.1999969,157.66000369999998,153.2599945,153.5528717,29821200
2019-01-18,157.5,157.88000490000002,155.9799957,154.4986572,33751000
2019-01-22,156.41000369999998,156.7299957,152.61999509999998,151.030777,30394000
2019-01-23,154.1499939,155.1399994,151.6999969,151.6415863,23130600
2019-01-24,154.1100006,154.4799957,151.7400055,150.4396362,25441500
2019-01-25,155.4799957,158.13000490000002,154.32000730000001,155.4247437,33535500
2019-01-28,155.78999330000002,156.33000180000002,153.66000369999998,153.9863586,26192100
2019-01-29,156.25,158.13000490000002,154.1100006,152.39031980000001,41587200
2019-01-30,163.25,166.1499939,160.2299957,162.8038635,61109800
2019-01-31,166.1100006,169.0,164.5599976,163.97624209999998,40739600
2019-02-01,166.96000669999998,168.9799957,165.92999269999999,164.055069,32668100
2019-02-04,167.41000369999998,171.66000369999998,167.27999880000002,168.71504209999998,31495500
2019-02-05,172.8600006,175.08000180000002,172.3500061,171.6016846,36101600
2019-02-06,174.6499939,175.57000730000001,172.8500061,171.6607971,28239600
2019-02-07,172.3999939,173.9400024,170.33999630000002,168.40965269999998,31741700
2019-02-08,168.9900055,170.66000369999998,168.41999819999998,168.6075287,23820000
2019-02-11,171.0500031,171.21000669999998,169.25,167.6378784,20993400
2019-02-12,170.1000061,171.0,169.6999969,169.08244319999997,22283500
2019-02-13,171.3899994,172.4799957,169.91999819999998,168.3799438,22490200
2019-02-14,169.71000669999998,171.2599945,169.38000490000002,168.9934082,21835700
2019-02-15,171.25,171.6999969,169.75,168.61743159999997,24626800
2019-02-19,169.71000669999998,171.4400024,169.4900055,169.1220093,18972800
2019-02-20,171.1900024,173.32000730000001,170.9900055,170.2103882,26114400
2019-02-21,171.8000031,172.36999509999998,170.3000031,169.2506561,17249700
2019-02-22,171.58000180000002,173.0,171.38000490000002,171.1404419,18913200
2019-02-25,174.16000369999998,175.86999509999998,173.9499969,172.3871155,21873400
2019-02-26,173.71000669999998,175.3000031,173.16999819999998,172.4860535,17070200
2019-02-27,173.21000669999998,175.0,172.7299957,173.02034,27835400
2019-02-28,174.32000730000001,174.91000369999998,172.91999819999998,171.3185425,28215400
2019-03-01,174.27999880000002,175.1499939,172.8899994,173.119278,25886200
2019-03-04,175.6900024,177.75,173.97000119999998,173.98999019999997,27436200
2019-03-05,175.9400024,176.0,174.53999330000002,173.6733704,19737400
2019-03-06,174.66999819999998,175.4900055,173.9400024,172.674057,20810400
2019-03-07,173.86999509999998,174.4400024,172.0200043,170.675415,24796400
2019-03-08,170.32000730000001,173.07000730000001,169.5,171.0810852,23999400
2019-03-11,175.4900055,179.11999509999998,175.3500061,177.00770569999997,32011000
2019-03-12,180.0,182.66999819999998,179.36999509999998,178.9964752,32467600
2019-03-13,182.25,183.3000031,180.91999819999998,179.7879944,31032500
2019-03-14,183.8999939,184.1000061,182.5599976,181.7866211,23579500
2019-03-15,184.8500061,187.33000180000002,183.7400055,184.15133669999997,39042900
2019-03-18,185.8000031,188.3899994,185.78999330000002,186.03126530000003,26219800
2019-03-19,188.3500061,188.9900055,185.91999819999998,184.55702209999998,31646400
2019-03-20,186.2299957,189.4900055,184.7299957,186.1697845,31035200
2019-03-21,190.0200043,196.33000180000002,189.8099976,193.02645869999998,51034200
2019-03-22,195.33999630000002,197.6900024,190.77999880000002,189.0292053,42407700
2019-03-25,191.5099945,191.9799957,186.6000061,186.7436371,43845300
2019-03-26,191.66000369999998,192.88000490000002,184.58000180000002,184.81425480000001,49800500
2019-03-27,188.75,189.7599945,186.5500031,186.47648619999998,29848400
2019-03-28,188.9499969,189.5599976,187.52999880000002,186.7238464,20780400
2019-03-29,189.83000180000002,190.08000180000002,188.53999330000002,187.9408417,23564000
2019-04-01,191.6399994,191.67999269999999,188.38000490000002,189.2172089,27862000
2019-04-02,191.08999630000002,194.46000669999998,191.0500031,191.967804,22765700
2019-04-03,193.25,196.5,193.1499939,193.2837372,23271800
2019-04-04,194.78999330000002,196.36999509999998,193.1399994,193.62011719999998,19114300
2019-04-05,196.4499969,197.1000061,195.92999269999999,194.91625980000003,18526600
2019-04-08,196.41999819999998,200.2299957,196.33999630000002,197.9834747,25881700
2019-04-09,200.32000730000001,202.8500061,199.2299957,197.38983149999999,35768200
2019-04-10,198.67999269999999,200.7400055,198.17999269999999,198.4979706,21695300
2019-04-11,200.8500061,201.0,198.4400024,196.8456421,20900800
2019-04-12,199.1999969,200.1399994,196.21000669999998,196.7664948,27760700
2019-04-15,198.58000180000002,199.8500061,198.0099945,197.1226807,17536600
2019-04-16,199.46000669999998,201.36999509999998,198.5599976,197.1424713,25696400
2019-04-17,199.53999330000002,203.38000490000002,198.6100006,200.98144530000002,28906800
2019-04-18,203.11999509999998,204.1499939,202.5200043,201.7037201,24195800
2019-04-22,202.83000180000002,204.9400024,202.33999630000002,202.3666382,19439500
2019-04-23,204.42999269999999,207.75,203.8999939,205.2854156,23323000
2019-04-24,207.3600006,208.4799957,207.0500031,204.96881100000002,17540600
2019-04-25,206.83000180000002,207.7599945,205.11999509999998,203.10870359999998,18543200
2019-04-26,204.8999939,205.0,202.11999509999998,202.1390686,18649100
2019-04-29,204.3999939,205.97000119999998,203.8600006,202.4457855,22204700
2019-04-30,203.0599976,203.3999939,199.1100006,198.54745480000003,46534900
2019-05-01,209.88000490000002,215.30999759999997,209.2299957,208.2932739,64827300
2019-05-02,209.8399963,212.64999390000003,208.13000490000002,206.9377594,31996300
2019-05-03,210.8899994,211.8399963,210.2299957,209.51026919999998,20892400
2019-05-06,204.28999330000002,208.83999630000002,203.5,206.2748566,32443100
2019-05-07,205.88000490000002,207.41999819999998,200.83000180000002,200.7142944,38763700
2019-05-08,201.8999939,205.33999630000002,201.75,200.7538605,26339500
2019-05-09,200.3999939,201.67999269999999,196.66000369999998,198.5969238,34908600
2019-05-10,197.41999819999998,198.8500061,192.7700043,195.8456726,41208700
2019-05-13,187.71000669999998,189.4799957,182.8500061,184.4632416,57430600
2019-05-14,186.41000369999998,189.6999969,185.41000369999998,187.3833313,36529700
2019-05-15,186.2700043,191.75,186.0200043,189.6280365,26544700
2019-05-16,189.91000369999998,192.47000119999998,188.83999630000002,188.79373169999997,33031400
2019-05-17,186.92999269999999,190.8999939,186.7599945,187.7210388,32879100
2019-05-20,183.5200043,184.3500061,180.27999880000002,181.8510284,38612300
2019-05-21,185.22000119999998,188.0,184.6999969,185.3372803,28364800
2019-05-22,184.66000369999998,185.71000669999998,182.5500031,181.54312130000002,29748600
2019-05-23,179.8000031,180.53999330000002,177.8099976,178.4442444,36529700
2019-05-24,180.1999969,182.1399994,178.61999509999998,177.7589111,23714700
2019-05-28,178.91999819999998,180.58999630000002,177.91000369999998,177.0239105,27948200
2019-05-29,176.41999819999998,179.3500061,176.0,176.17965700000002,28481200
2019-05-30,177.9499969,179.2299957,176.66999819999998,177.09344480000001,21218400
2019-05-31,176.2299957,177.9900055,174.9900055,173.8852997,27043600
2019-06-03,175.6000061,177.91999819999998,170.2700043,172.1272736,40396100
2019-06-04,175.4400024,179.83000180000002,174.5200043,178.4243774,30968000
2019-06-05,184.27999880000002,184.9900055,181.1399994,181.3047333,29773400
2019-06-06,183.08000180000002,185.47000119999998,182.1499939,183.9666138,22526300
2019-06-07,186.5099945,191.91999819999998,185.7700043,188.8632507,30684400
2019-06-10,191.8099976,195.36999509999998,191.61999509999998,191.27680969999997,26220900
2019-06-11,194.8600006,196.0,193.6000061,193.4917145,26932900
2019-06-12,193.9499969,195.97000119999998,193.3899994,192.8759155,18221800
2019-06-13,194.6999969,196.78999330000002,193.6000061,192.83616640000002,21674600
2019-06-14,191.5500031,193.58999630000002,190.3000031,191.43573,18761500
2019-06-17,192.8999939,194.96000669999998,192.16999819999998,192.5779419,14669100
2019-06-18,196.0500031,200.28999330000002,195.21000669999998,197.1070862,26551000
2019-06-19,199.67999269999999,199.88000490000002,197.3099976,196.53100590000003,21124200
2019-06-20,200.36999509999998,200.6100006,198.02999880000002,198.1102448,21514000
2019-06-21,198.8000031,200.8500061,198.1499939,197.434845,47800600
2019-06-24,198.53999330000002,200.16000369999998,198.16999819999998,197.2362061,18220400
2019-06-25,198.42999269999999,199.2599945,195.28999330000002,194.24658200000002,21070300
2019-06-26,197.7700043,200.9900055,197.3500061,198.4479523,26067500
2019-06-27,200.28999330000002,201.57000730000001,199.57000730000001,198.38836669999998,20899700
2019-06-28,198.67999269999999,199.5,197.0500031,196.580658,31110600
2019-07-01,203.16999819999998,204.4900055,200.6499939,200.1861115,27316700
2019-07-02,201.41000369999998,203.13000490000002,201.3600006,201.3581085,16935200
2019-07-03,203.27999880000002,204.4400024,202.6900024,203.02674869999998,11362000
2019-07-05,203.3500061,205.08000180000002,202.8999939,202.8479614,17265500
2019-07-08,200.8099976,201.3999939,198.41000369999998,198.6664581,25338600
2019-07-09,199.1999969,201.5099945,198.8099976,199.8782196,20578000
2019-07-10,201.8500061,203.7299957,201.5599976,201.8547363,17897100
2019-07-11,203.3099976,204.3899994,201.71000669999998,200.3847504,20191800
2019-07-12,202.4499969,204.0,202.1999969,201.9242706,17589800
2019-07-15,204.08999630000002,205.86999509999998,204.0,203.8213501,16947400
2019-07-16,204.58999630000002,206.1100006,203.5,203.11613459999998,16866800
2019-07-17,204.0500031,205.08999630000002,203.2700043,201.9739227,14107500
2019-07-18,204.0,205.88000490000002,203.6999969,204.26829530000003,18582200
2019-07-19,205.78999330000002,206.5,202.3600006,201.21907040000002,20929300
2019-07-22,203.6499939,207.2299957,203.6100006,205.8177338,22277900
2019-07-23,208.46000669999998,208.91000369999998,207.28999330000002,207.42675780000002,18355200
2019-07-24,207.66999819999998,209.1499939,207.16999819999998,207.2579346,14991600
2019-07-25,208.8899994,209.2400055,206.7299957,205.6190948,13909600
2019-07-26,207.4799957,209.7299957,207.1399994,206.33421330000002,17618900
2019-07-29,208.46000669999998,210.6399994,208.4400024,208.2610779,21673400
2019-07-30,208.7599945,210.1600037,207.3099976,207.36717219999997,33935700
2019-07-31,216.41999819999998,221.36999509999998,211.3000031,211.5983582,69281400
2019-08-01,213.89999390000003,218.0299988,206.7400055,207.0195313,54017900
2019-08-02,205.52999880000002,206.42999269999999,201.63000490000002,202.639389,40862100
2019-08-05,197.9900055,198.6499939,192.58000180000002,192.03164669999998,52393000
2019-08-06,196.3099976,198.07000730000001,194.03999330000002,195.6668854,35824800
2019-08-07,195.41000369999998,199.5599976,193.82000730000001,197.69308469999999,33364400
2019-08-08,200.1999969,203.52999880000002,199.3899994,202.05337519999998,27009500
2019-08-09,201.3000031,202.7599945,199.28999330000002,200.388382,24619700
2019-08-12,199.61999509999998,202.0500031,199.1499939,199.8798981,22474900
2019-08-13,201.0200043,212.1399994,200.4799957,208.3444977,47218500
2019-08-14,203.16000369999998,206.4400024,202.58999630000002,202.1431122,36547400
2019-08-15,203.46000669999998,205.1399994,199.66999819999998,201.1361389,27227400
2019-08-16,204.27999880000002,207.16000369999998,203.83999630000002,205.88188169999998,27620400
2019-08-19,210.61999509999998,212.7299957,210.0299988,209.72036740000001,24413600
2019-08-20,210.88000490000002,213.35000609999997,210.32000730000004,209.7303314,26884300
2019-08-21,212.99000550000002,213.64999390000003,211.60000609999997,212.0035095,21535400
2019-08-22,213.19000240000003,214.44000240000003,210.75,211.8240509,22253700
2019-08-23,209.42999269999999,212.0500031,201.0,202.03344730000003,46818000
2019-08-26,205.8600006,207.1900024,205.0599976,205.87191769999998,26043600
2019-08-27,207.8600006,208.5500031,203.52999880000002,203.5488892,25873300
2019-08-28,204.1000061,205.72000119999998,203.32000730000001,204.9147949,15938800
2019-08-29,208.5,209.32000730000001,206.66000369999998,208.3843689,20990500
2019-08-30,210.1600037,210.4499969,207.1999969,208.11518859999998,21143400
2019-09-03,206.42999269999999,206.9799957,204.22000119999998,205.0842743,20023000
2019-09-04,208.3899994,209.4799957,207.32000730000001,208.5638428,19188100
2019-09-05,212.0,213.9700012,211.50999449999998,212.6415863,23913700
2019-09-06,214.0500031,214.41999819999998,212.50999449999998,212.6216431,19362300
2019-09-09,214.8399963,216.44000240000003,211.07000730000004,213.5289307,27309400
2019-09-10,213.8600006,216.7799988,211.71000669999998,216.0513458,31777900
2019-09-11,218.07000730000004,223.71000669999998,217.7299957,222.92073059999998,44289600
2019-09-12,224.8000031,226.41999819999998,222.8600006,222.42222599999997,32226700
2019-09-13,220.0,220.78999330000002,217.0200043,218.0952148,39763300
2019-09-16,217.7299957,220.13000490000002,217.55999759999997,219.2417755,21158100
2019-09-17,219.96000669999998,220.82000730000004,219.11999509999998,220.0393829,18318700
2019-09-18,221.05999759999997,222.85000609999997,219.44000240000003,222.10319520000002,25340000
2019-09-19,222.00999449999998,223.75999449999998,220.36999509999998,220.2986145,22060600
2019-09-20,221.38000490000002,222.55999759999997,217.4700012,217.0782623,55413100
2019-09-23,218.9499969,219.8399963,217.64999390000003,218.06530759999998,19165500
2019-09-24,221.0299988,222.49000550000002,217.19000240000003,217.0284119,31190800
2019-09-25,218.5500031,221.5,217.1399994,220.3683929,21903400
2019-09-26,220.0,220.94000240000003,218.83000180000002,219.23181150000002,18833500
2019-09-27,220.53999330000002,220.96000669999998,217.2799988,218.1650238,25352000
2019-09-30,220.89999390000003,224.58000180000002,220.78999330000002,223.2995911,25977400
2019-10-01,225.07000730000004,228.2200012,224.1999969,223.91773990000002,34805800
2019-10-02,223.05999759999997,223.58000180000002,217.92999269999996,218.30459590000004,34612300
2019-10-03,218.42999269999996,220.96000669999998,215.13000490000002,220.15902709999997,28606500
2019-10-04,225.6399994,227.49000550000002,223.8899994,226.33049010000002,34619700
2019-10-07,226.2700043,229.92999269999996,225.8399963,226.38034059999998,30576500
2019-10-08,225.82000730000004,228.05999759999997,224.33000180000002,223.728302,27955000
2019-10-09,227.0299988,227.78999330000002,225.6399994,226.35043330000002,18692600
2019-10-10,227.92999269999996,230.44000240000003,227.3000031,229.4012756,28253400
2019-10-11,232.9499969,237.6399994,232.30999759999997,235.5029602,41698900
2019-10-14,234.89999390000003,238.13000490000002,234.66999819999998,235.16397090000004,24106900
2019-10-15,236.3899994,237.64999390000003,234.88000490000002,234.61563109999997,21840000
2019-10-16,233.36999509999998,235.24000550000002,233.1999969,233.668457,18475800
2019-10-17,235.0899963,236.14999390000003,233.5200043,234.5757446,16896300
2019-10-18,234.5899963,237.58000180000002,234.28999330000002,235.7023621,24358400
2019-10-21,237.5200043,240.99000550000002,237.32000730000004,239.79008480000002,21811800
2019-10-22,241.1600037,242.1999969,239.61999509999998,239.241745,20573400
2019-10-23,242.10000609999997,243.24000550000002,241.2200012,242.45208739999998,18957200
2019-10-24,244.50999449999998,244.8000031,241.80999759999997,242.85089109999998,17318800
2019-10-25,243.1600037,246.7299957,242.88000490000002,245.84191890000002,18369300
2019-10-28,247.41999819999998,249.25,246.7200012,248.30451969999996,24143200
2019-10-29,248.9700012,249.75,242.57000730000004,242.5617523,35709900
2019-10-30,244.75999449999998,245.3000031,241.21000669999998,242.5318451,31130500
2019-10-31,247.24000550000002,249.16999819999998,237.25999449999998,248.0153809,34790500
2019-11-01,249.53999330000002,255.92999269999996,249.1600037,255.0542603,37781300
2019-11-04,257.3299866,257.8500061,255.38000490000002,256.7292175,25818000
2019-11-05,257.0499878,258.1900024,256.32000730000004,256.3603516,19974400
2019-11-06,256.769989,257.48999019999997,255.36999509999998,256.4700012,18966100
2019-11-07,258.73999019999997,260.3500061,258.1099854,259.42999269999996,23735100
2019-11-08,258.6900024,260.4400024,256.8500061,260.1400146,17496600
2019-11-11,258.2999878,262.4700012,258.2799988,262.2000122,20455300
2019-11-12,261.5499878,262.7900085,260.9200134,261.9599915,21847200
2019-11-13,261.1300049,264.7799988,261.07000730000004,264.4700012,25683600
2019-11-14,263.75,264.8800049,262.1000061,262.6400146,22295700
2019-11-15,263.67999269999996,265.7799988,263.01000980000003,265.76000980000003,25051600
2019-11-18,265.7999878,267.42999269999996,264.230011,267.1000061,21675800
2019-11-19,267.8999939,268.0,265.3900146,266.2900085,19041800
2019-11-20,265.5400085,266.0799866,260.3999939,263.1900024,26558600
2019-11-21,263.6900024,264.01000980000003,261.17999269999996,262.01000980000003,30348800
2019-11-22,262.5899963,263.17999269999996,260.8399963,261.7799988,16331300
2019-11-25,262.7099915,266.4400024,262.519989,266.3699951,21005100
2019-11-26,266.9400024,267.1600037,262.5,264.2900085,26301900
2019-11-27,265.5799866,267.980011,265.3099976,267.8399963,16308900
2019-11-29,266.6000061,268.0,265.8999939,267.25,11654400
2019-12-02,267.269989,268.25,263.4500122,264.1600037,23621800
2019-12-03,258.3099976,259.5299988,256.2900085,259.4500122,28607600
2019-12-04,261.07000730000004,263.3099976,260.67999269999996,261.73999019999997,16795400
2019-12-05,263.7900085,265.8900146,262.730011,265.5799866,18606100
2019-12-06,267.480011,271.0,267.2999878,270.7099915,26518900
2019-12-09,270.0,270.7999878,264.9100037,266.9200134,32010600
2019-12-10,268.60000610000003,270.07000730000004,265.8599854,268.480011,22605100
2019-12-11,268.80999760000003,271.10000610000003,268.5,270.769989,19689200
2019-12-12,267.7799988,272.55999760000003,267.32000730000004,271.4599915,34327600
2019-12-13,271.4599915,275.2999878,270.92999269999996,275.14999389999997,33396900
2019-12-16,277.0,280.7900085,276.980011,279.85998539999997,32046500
2019-12-17,279.57000730000004,281.769989,278.7999878,280.4100037,28539600
2019-12-18,279.7999878,281.89999389999997,279.11999510000004,279.73999019999997,29007100
2019-12-19,279.5,281.17999269999996,278.9500122,280.019989,24592300
2019-12-20,282.230011,282.64999389999997,278.55999760000003,279.44000239999997,68994500
2019-12-23,280.5299988,284.25,280.36999510000004,284.0,24643000
2019-12-24,284.69000239999997,284.89001460000003,282.92001339999996,284.269989,12119700
2019-12-26,284.82000730000004,289.980011,284.7000122,289.9100037,23280300
2019-12-27,291.11999510000004,293.9700012,288.11999510000004,289.7999878,36566500
2019-12-30,289.4599915,292.69000239999997,285.2200012,291.519989,36028600
2019-12-31,289.92999269999996,293.67999269999996,289.519989,293.64999389999997,25201400
2020-01-02,296.23999019999997,300.60000610000003,295.19000239999997,300.35000610000003,33870100
2020-01-03,297.14999389999997,300.57998660000004,296.5,297.42999269999996,36580700
2020-01-06,293.7900085,299.9599915,292.75,299.7999878,29596800
2020-01-07,299.8399963,300.89999389999997,297.480011,298.39001460000003,27218000
2020-01-08,297.1600037,304.44000239999997,297.1600037,303.19000239999997,33019800
2020-01-09,307.23999019999997,310.42999269999996,306.2000122,309.63000489999996,42527100
2020-01-10,310.60000610000003,312.67001339999996,308.25,310.32998660000004,35161200
